"","addressID","addressType","cityName","zipCode","coordinates_lat","coordinates_lon","municipality_name","date"
"1","0a3f50bf-18d1-32b8-e044-0003ba298018","villa","Vildbjerg",7480,56.189438,8.757156,"Herning",2011-01-14
"2","0a3f50a3-b0a1-32b8-e044-0003ba298018","terraced house","Hellerup",2900,55.740498,12.580199,"Gentofte",2008-01-10
"3","0a3f50c5-2a3f-32b8-e044-0003ba298018","villa","Kjellerup",8620,56.273426,9.31726,"Silkeborg",2006-12-12
"4","0a3f50b1-f6fa-32b8-e044-0003ba298018","villa","Nexø",3730,55.030617,15.091571,"Bornholm",2000-09-04
"5","0a3f50c2-7566-32b8-e044-0003ba298018","condo","Aarhus C",8000,56.150536,10.201634,"Aarhus",1996-12-29
"6","0a3f50be-ccbf-32b8-e044-0003ba298018","villa","Hjerm",7560,56.43644,8.636322,"Struer",2018-03-15
"7","0a3f50be-b1f6-32b8-e044-0003ba298018","villa apartment","Skjern",6900,55.95908,8.644279,"Ringkøbing-Skjern",2023-12-02
"8","0a3f50bd-b0e7-32b8-e044-0003ba298018","villa","Sunds",7451,56.234634,9.084811,"Herning",2002-01-28
"9","0a3f50b4-4f5d-32b8-e044-0003ba298018","villa apartment","Odense M",5230,55.387054,10.386196,"Odense",1998-05-26
"10","0a3f50bf-e88a-32b8-e044-0003ba298018","condo","Grenaa",8500,56.410538,10.909704,"Norddjurs",2001-05-22
"11","0a3f50c1-d62b-32b8-e044-0003ba298018","villa","Silkeborg",8600,56.196384,9.584717,"Silkeborg",1998-11-25
"12","0a3f50bc-efe8-32b8-e044-0003ba298018","terraced house","Vejle",7100,55.658066,9.50243,"Vejle",2018-02-21
"13","0a3f50ac-5a22-32b8-e044-0003ba298018","villa","Solrød Strand",2680,55.542377,12.23225,"Solrød",2015-03-12
"14","11f17ae3-b875-0668-e044-0003ba298018","condo","Frederiksberg",2000,55.680054,12.5304785,"Frederiksberg",2009-12-29
"15","0a3f50b9-dd22-32b8-e044-0003ba298018","villa","Ribe",6760,55.31284,8.745259,"Esbjerg",2009-02-20
"16","0a3f50cb-1d68-32b8-e044-0003ba298018","villa","Aars",9600,56.79478,9.516623,"Vesthimmerlands",2021-11-30
"17","0a3f50bf-cff3-32b8-e044-0003ba298018","terraced house","Grenaa",8500,56.41018,10.914886,"Norddjurs",1993-12-21
"18","0a3f50ac-985b-32b8-e044-0003ba298018","villa","Sejerø",4592,55.907085,11.115581,"Kalundborg",2000-01-09
"19","85be381e-ace2-4462-ac60-9ca007d9ce55","villa","Svenstrup J",9230,56.968113,9.820041,"Aalborg",2013-10-25
"20","0a3f50ac-bcb6-32b8-e044-0003ba298018","villa","Hørve",4534,55.763496,11.475489,"Odsherred",1997-04-23
"21","0a3f50be-005f-32b8-e044-0003ba298018","villa","Holstebro",7500,56.350864,8.623724,"Holstebro",2006-07-01
"22","0a3f50a3-aa52-32b8-e044-0003ba298018","villa","Hellerup",2900,55.73296,12.556528,"Gentofte",2021-06-16
"23","0a3f50a1-72be-32b8-e044-0003ba298018","condo","København S",2300,55.649284,12.609493,"København",2015-12-23
"24","0a3f50af-5d24-32b8-e044-0003ba298018","villa apartment","Store Merløse",4370,55.543747,11.710128,"Holbæk",2006-03-29
"25","b9ef1343-b5ab-41c6-bc3a-5bfd22f6d72c","terraced house","Hobro",9500,56.673847,9.850223,"Mariagerfjord",2021-04-15
"26","0a3f50a9-cc56-32b8-e044-0003ba298018","villa","Hillerød",3400,55.941643,12.285,"Hillerød",2016-05-13
"27","0a3f509d-11d5-32b8-e044-0003ba298018","condo","København N",2200,55.7056,12.550787,"København",2004-05-13
"28","0a3f50a3-5178-32b8-e044-0003ba298018","villa","Brøndby Strand",2660,55.62742,12.419571,"Brøndby",2021-01-06
"29","0a3f50ca-b8ac-32b8-e044-0003ba298018","condo","Aalborg",9000,57.030617,9.9650135,"Aalborg",2007-10-02
"30","0a3f50a7-fd36-32b8-e044-0003ba298018","villa","Birkerød",3460,55.858494,12.422518,"Rudersdal",2000-04-11
"31","0a3f50c8-dbc2-32b8-e044-0003ba298018","condo","Blokhus",9492,57.252693,9.578871,"Jammerbugt",2005-04-20
"32","0a3f50ac-fc3f-32b8-e044-0003ba298018","villa","Gørlev",4281,55.517048,11.206617,"Kalundborg",2021-12-08
"33","0a3f50c5-61c9-32b8-e044-0003ba298018","villa","Nykøbing M",7900,56.77871,8.667419,"Morsø",1996-05-07
"34","0a3f50ac-8ee0-32b8-e044-0003ba298018","villa","Snertinge",4460,55.71695,11.406969,"Kalundborg",2016-01-22
"35","0a3f50aa-562f-32b8-e044-0003ba298018","villa","Kokkedal",2980,55.91478,12.490049,"Fredensborg",2005-12-21
"36","0a3f50b7-6b02-32b8-e044-0003ba298018","villa","Rømø",6792,55.093548,8.552612,"Tønder",1994-01-25
"37","0a3f50a7-e4f2-32b8-e044-0003ba298018","villa","Birkerød",3460,55.84639,12.41425,"Rudersdal",2009-05-26
"38","0a3f50bf-5512-32b8-e044-0003ba298018","villa","Kibæk",6933,55.94014,8.94019,"Herning",2016-08-31
"39","0a3f50bc-1da1-32b8-e044-0003ba298018","terraced house","Kolding",6000,55.479324,9.499595,"Kolding",2012-08-30
"40","0a3f50ab-9416-32b8-e044-0003ba298018","villa","Køge",4600,55.494976,12.179144,"Køge",2013-12-12
"41","0a3f50a7-42d3-32b8-e044-0003ba298018","villa","Kastrup",2770,55.621235,12.591007,"Tårnby",2023-07-04
"42","0a3f50bf-e3f1-32b8-e044-0003ba298018","villa","Trustrup",8570,56.34802,10.768334,"Norddjurs",2018-11-09
"43","0a3f50b3-886a-32b8-e044-0003ba298018","condo","Odense C",5000,55.390884,10.395013,"Odense",2019-12-08
"44","0a3f50b7-d80a-32b8-e044-0003ba298018","villa","Bolderslev",6392,54.99444,9.295589,"Aabenraa",2018-05-07
"45","0a3f50c4-0aa7-32b8-e044-0003ba298018","condo","Aarhus C",8000,56.16195,10.200317,"Aarhus",1992-07-30
"46","0a3f50b0-5986-32b8-e044-0003ba298018","terraced house","Nysted",4880,54.66426,11.73558,"Guldborgsund",1992-05-05
"47","0a3f50c5-15aa-32b8-e044-0003ba298018","villa","Karup J",7470,56.343624,9.254658,"Viborg",2016-04-14
"48","0a3f50be-6430-32b8-e044-0003ba298018","villa","Bøvlingbjerg",7650,56.43458,8.238685,"Lemvig",2016-01-07
"49","0a3f50c5-067f-32b8-e044-0003ba298018","villa","Ulstrup",8860,56.391476,9.8122,"Favrskov",2008-08-12
"50","0a3f50b0-854d-32b8-e044-0003ba298018","terraced house","Næstved",4700,55.201366,11.765979,"Næstved",1995-03-09
"51","0a3f50bb-4e01-32b8-e044-0003ba298018","villa","Horsens",8700,55.843838,9.860986,"Horsens",1993-02-11
"52","0a3f50a6-957e-32b8-e044-0003ba298018","terraced house","Rødovre",2610,55.69353,12.444976,"Rødovre",2017-11-16
"53","0a3f509e-bb6b-32b8-e044-0003ba298018","condo","København Ø",2100,55.698532,12.58281,"København",2005-05-10
"54","0c65634c-d600-30a3-e044-0003ba298018","villa","Ringe",5750,55.243412,10.455457,"Faaborg-Midtfyn",2005-06-28
"55","a3e5f740-e83d-4cb1-b43c-3eba9d612288","villa","Bramming",6740,55.459873,8.705995,"Esbjerg",2015-08-17
"56","0a3f50a8-a813-32b8-e044-0003ba298018","holiday house","Liseleje",3360,56.010975,11.975073,"Halsnæs",2018-02-09
"57","0a3f50af-9406-32b8-e044-0003ba298018","villa","Næstved",4700,55.163795,11.846305,"Næstved",2005-05-16
"58","0a3f50c8-a2f5-32b8-e044-0003ba298018","villa","Løkken",9480,57.37234,9.715956,"Hjørring",2003-10-13
"59","0a3f50a1-a4e4-32b8-e044-0003ba298018","condo","København Ø",2100,55.70577,12.583746,"København",1994-02-14
"60","0a3f50c2-d841-32b8-e044-0003ba298018","terraced house","Risskov",8240,56.20547,10.211033,"Aarhus",1996-06-24
"61","0a3f50a4-1af6-32b8-e044-0003ba298018","condo","Hellerup",2900,55.741364,12.563837,"Gentofte",1995-07-26
"62","0a3f50b2-2411-32b8-e044-0003ba298018","villa","Rønne",3700,55.0674,14.809656,"Bornholm",2013-03-22
"63","0a3f50bd-6bf8-32b8-e044-0003ba298018","villa","Brande",7330,56.009644,9.112709,"Herning",2016-04-08
"64","0a3f50ad-8ebe-32b8-e044-0003ba298018","villa","Høng",4270,55.506958,11.283821,"Kalundborg",2016-03-22
"65","0a3f50ad-597c-32b8-e044-0003ba298018","villa","Holbæk",4300,55.71034,11.622275,"Holbæk",2003-08-28
"66","3e05ffdf-f4f3-4c19-8242-97bddc5b55f9","terraced house","København S",2300,55.636143,12.574927,"København",2019-03-21
"67","0a3f50c7-a0b8-32b8-e044-0003ba298018","holiday house","Hadsund",9560,56.74407,10.300758,"Mariagerfjord",2005-04-17
"68","0a3f50a9-e94b-32b8-e044-0003ba298018","villa","Hundested",3390,55.945915,11.860026,"Halsnæs",2011-02-23
"69","87e34d1d-94d2-4a8f-9064-41cc7b91bc8a","villa apartment","Lem St",6940,56.02635,8.389683,"Ringkøbing-Skjern",2002-08-16
"70","0a3f50c7-5306-32b8-e044-0003ba298018","villa","Frederikshavn",9900,57.43525,10.514773,"Frederikshavn",2024-04-29
"71","24172c14-b5cb-4635-a0b1-b3f92da70861","villa","København S",2300,55.653877,12.634964,"København",1999-04-13
"72","0a3f50c1-6e49-32b8-e044-0003ba298018","villa","Ørsted",8950,56.50549,10.332754,"Norddjurs",1997-12-16
"73","0a3f50b6-5b80-32b8-e044-0003ba298018","villa","Padborg",6330,54.819485,9.356724,"Aabenraa",1994-11-05
"74","0a3f50bd-e396-32b8-e044-0003ba298018","holiday house","Hvide Sande",6960,55.882072,8.174558,"Ringkøbing-Skjern",1997-07-04
"75","0a3f50b8-b117-32b8-e044-0003ba298018","villa","Bramming",6740,55.51695,8.697779,"Esbjerg",2000-09-07
"76","0a3f50c0-9de2-32b8-e044-0003ba298018","villa","Odder",8300,55.912174,10.24784,"Odder",2004-09-21
"77","0a3f50c5-d613-32b8-e044-0003ba298018","holiday house","Fur",7884,56.821186,9.056052,"Skive",2012-06-04
"78","4abab4ee-7ec8-4463-adbb-a422082ed16d","terraced house","Faxe",4640,55.247604,12.106457,"Faxe",2001-07-11
"79","0a3f50ad-ca91-32b8-e044-0003ba298018","villa","Kalundborg",4400,55.7176,11.059038,"Kalundborg",2007-06-14
"80","0a3f50bc-54c9-32b8-e044-0003ba298018","villa","Sønder Stenderup",6092,55.45998,9.609914,"Kolding",2002-09-16
"81","0a3f50a4-5bd2-32b8-e044-0003ba298018","villa","Søborg",2860,55.741795,12.513642,"Gladsaxe",2016-12-30
"82","0a3f50be-78ca-32b8-e044-0003ba298018","villa","Lemvig",7620,56.4923,8.487719,"Lemvig",2008-09-11
"83","0a3f50be-d9c9-32b8-e044-0003ba298018","villa","Struer",7600,56.431015,8.509503,"Struer",1999-04-12
"84","0a3f50b6-27d6-32b8-e044-0003ba298018","villa","Årslev",5792,55.296547,10.519872,"Faaborg-Midtfyn",2011-10-12
"85","0a3f50ad-f458-32b8-e044-0003ba298018","holiday house","Korsør",4220,55.379395,11.217259,"Slagelse",1996-09-30
"86","0a3f50c2-03bd-32b8-e044-0003ba298018","villa","Silkeborg",8600,56.142212,9.598094,"Silkeborg",2021-06-21
"87","0a3f50b0-0514-32b8-e044-0003ba298018","villa","Nakskov",4900,54.840454,11.115705,"Lolland",2020-05-15
"88","0a3f50b7-97bb-32b8-e044-0003ba298018","condo","Sønderborg",6400,54.911926,9.788717,"Sønderborg",2007-05-10
"89","0a3f50a2-7669-32b8-e044-0003ba298018","villa apartment","Frederiksberg",2000,55.68788,12.535457,"Frederiksberg",1997-11-24
"90","0a3f50c1-a65c-32b8-e044-0003ba298018","holiday house","Samsø",8305,55.904804,10.604677,"Samsø",2005-10-26
"91","0a3f50ac-d0c0-32b8-e044-0003ba298018","holiday house","Fårevejle",4540,55.84422,11.456403,"Odsherred",1997-04-14
"92","0a3f50a6-d878-32b8-e044-0003ba298018","condo","Skodsborg",2942,55.829063,12.573599,"Rudersdal",2021-11-12
"93","0a3f50b0-ca9f-32b8-e044-0003ba298018","villa","Næstved",4700,55.255226,11.600241,"Næstved",1993-02-16
"94","0a3f50a5-c812-32b8-e044-0003ba298018","condo","Taastrup",2630,55.650337,12.274115,"Høje-Taastrup",1994-12-21
"95","0a3f50c1-fb4f-32b8-e044-0003ba298018","villa","Silkeborg",8600,56.177353,9.584528,"Silkeborg",1994-03-15
"96","0a3f50b7-d54a-32b8-e044-0003ba298018","villa","Sønderborg",6400,54.913254,9.771701,"Sønderborg",2002-10-25
"97","0a3f50ae-f09e-32b8-e044-0003ba298018","villa","Sorø",4180,55.41615,11.570884,"Sorø",1994-11-01
"98","0a3f50a4-033b-32b8-e044-0003ba298018","condo","Gentofte",2820,55.74984,12.516701,"Gentofte",2003-06-25
"99","964dc4d7-c5cb-468a-8b1c-5d728762f27a","villa","Sorø",4180,55.409214,11.550129,"Sorø",2021-11-10
"100","0a3f50c8-b5da-32b8-e044-0003ba298018","villa","Nibe",9240,56.90012,9.57545,"Aalborg",2009-08-11
"101","0a3f50b1-7203-32b8-e044-0003ba298018","villa","Herlufmagle",4160,55.315334,11.755972,"Næstved",1994-05-25
"102","0a3f50c5-f3a8-32b8-e044-0003ba298018","villa apartment","Hurup Thy",7760,56.75117,8.42047,"Thisted",2014-06-12
"103","0a3f50c1-7c19-32b8-e044-0003ba298018","villa","Ørsted",8950,56.503944,10.332361,"Norddjurs",1997-01-15
"104","0a3f50be-c71a-32b8-e044-0003ba298018","villa","Skjern",6900,55.947765,8.485042,"Ringkøbing-Skjern",2007-10-31
"105","0a3f50b4-d728-32b8-e044-0003ba298018","villa apartment","Odense C",5000,55.41137,10.392214,"Odense",2003-05-07
"106","0a3f50bc-9890-32b8-e044-0003ba298018","villa","Vejle",7100,55.714554,9.532392,"Vejle",2019-06-27
"107","0a3f50ad-69c7-32b8-e044-0003ba298018","villa","Holbæk",4300,55.681683,11.730963,"Holbæk",2020-02-20
"108","89eefece-48f5-4c57-9afa-092c027bd9c8","condo","Herning",7400,56.12796,8.97215,"Herning",2021-06-17
"109","0a3f50a7-dc3a-32b8-e044-0003ba298018","condo","Birkerød",3460,55.83932,12.423765,"Rudersdal",2003-01-06
"110","0a3f50c6-cbbc-32b8-e044-0003ba298018","villa","Brovst",9460,57.127316,9.4368105,"Jammerbugt",2008-11-18
"111","0a3f50bf-c65f-32b8-e044-0003ba298018","villa","Grenaa",8500,56.416855,10.8915415,"Norddjurs",2012-01-19
"112","0a3f50c6-1040-32b8-e044-0003ba298018","villa","Thisted",7700,57.013027,8.649578,"Thisted",2022-08-12
"113","0a3f50af-498d-32b8-e044-0003ba298018","holiday house","Højby",4573,55.900173,11.559229,"Odsherred",2021-07-30
"114","0a3f50b2-0aac-32b8-e044-0003ba298018","villa","Aakirkeby",3720,55.068398,14.993757,"Bornholm",2024-12-10
"115","0a3f50bf-015d-32b8-e044-0003ba298018","villa","Thyholm",7790,56.65056,8.530539,"Struer",2006-09-20
"116","0a3f50bd-412f-32b8-e044-0003ba298018","villa","Hemmet",6893,55.84088,8.4425535,"Ringkøbing-Skjern",2004-05-26
"117","0a3f50b3-b2ef-32b8-e044-0003ba298018","terraced house","Odense SØ",5220,55.386356,10.430738,"Odense",2023-05-30
"118","0a3f50b6-f775-32b8-e044-0003ba298018","villa","Aabenraa",6200,54.978752,9.542168,"Aabenraa",2006-02-26
"119","0a3f509e-4106-32b8-e044-0003ba298018","condo","København Ø",2100,55.704258,12.585977,"København",1995-07-27
"120","0a3f50bd-457d-32b8-e044-0003ba298018","holiday house","Hemmet",6893,55.835625,8.284528,"Ringkøbing-Skjern",2004-11-30
"121","0a3f50bb-d25e-32b8-e044-0003ba298018","holiday house","Juelsminde",7130,55.71189,10.016567,"Hedensted",1996-07-05
"122","0a3f50aa-0d2f-32b8-e044-0003ba298018","villa","Hørsholm",2970,55.881157,12.461922,"Hørsholm",1994-10-24
"123","0a3f50a4-572a-32b8-e044-0003ba298018","terraced house","Bagsværd",2880,55.75595,12.466933,"Gladsaxe",2003-07-19
"124","0a3f50ac-7ea9-32b8-e044-0003ba298018","villa","Køge",4600,55.412796,12.24823,"Stevns",2006-12-18
"125","0a3f50ae-a316-32b8-e044-0003ba298018","holiday house","Slagelse",4200,55.435627,11.205912,"Slagelse",1996-03-28
"126","0a3f50c3-70d1-32b8-e044-0003ba298018","terraced house","Risskov",8240,56.201023,10.221905,"Aarhus",2015-05-19
"127","0a3f50bc-8da0-32b8-e044-0003ba298018","villa","Vamdrup",6580,55.394024,9.364971,"Kolding",2005-04-18
"128","0a3f50ac-de02-32b8-e044-0003ba298018","villa","Næstved",4700,55.29115,11.674516,"Næstved",1996-08-07
"129","434d4d3b-18d3-0401-e044-0003ba298018","villa","Silkeborg",8600,56.186947,9.501208,"Silkeborg",2014-10-14
"130","0a3f50b6-2abf-32b8-e044-0003ba298018","villa","Ferritslev Fyn",5863,55.310345,10.583636,"Faaborg-Midtfyn",2005-03-25
"131","0a3f50b8-629a-32b8-e044-0003ba298018","villa","Vorbasse",6623,55.635105,9.00933,"Billund",2008-10-17
"132","0a3f50b2-e5d0-32b8-e044-0003ba298018","villa","Haarby",5683,55.209755,10.123125,"Assens",2015-10-30
"133","0a3f50a9-7acd-32b8-e044-0003ba298018","villa","Espergærde",3060,55.985046,12.537628,"Helsingør",1992-09-22
"134","0a3f50b5-2eee-32b8-e044-0003ba298018","terraced house","Ringe",5750,55.244053,10.466114,"Faaborg-Midtfyn",2001-04-26
"135","0a3f50b4-88f1-32b8-e044-0003ba298018","terraced house","Odense NV",5210,55.423218,10.270264,"Odense",2024-11-06
"136","0a3f50bb-c149-32b8-e044-0003ba298018","villa","Juelsminde",7130,55.70745,9.9861965,"Hedensted",2020-03-18
"137","0a3f50bb-0632-32b8-e044-0003ba298018","villa","Give",7323,55.81372,9.262071,"Vejle",2008-05-28
"138","0a3f50c1-9887-32b8-e044-0003ba298018","villa","Rønde",8410,56.361904,10.45485,"Syddjurs",2017-01-17
"139","0a3f50bb-75e5-32b8-e044-0003ba298018","villa","Horsens",8700,55.865128,9.85253,"Horsens",2018-03-27
"140","0a3f50b2-623a-32b8-e044-0003ba298018","villa","Bogense",5400,55.529526,10.075549,"Nordfyns",1998-06-14
"141","0a3f50c3-d7d3-32b8-e044-0003ba298018","condo","Aarhus C",8000,56.140617,10.192636,"Aarhus",1998-05-06
"142","0a3f50bb-e7b1-32b8-e044-0003ba298018","villa","Kolding",6000,55.459335,9.4766035,"Kolding",2004-03-12
"143","0a3f50ca-634d-32b8-e044-0003ba298018","villa","Aalborg SV",9200,57.019066,9.910884,"Aalborg",2003-03-10
"144","0a3f50a9-f09a-32b8-e044-0003ba298018","terraced house","Hundested",3390,55.9672,11.848618,"Halsnæs",2003-03-03
"145","0a3f50a8-d304-32b8-e044-0003ba298018","villa","Græsted",3230,56.05404,12.376343,"Gribskov",2003-05-06
"146","0a3f509f-49b3-32b8-e044-0003ba298018","villa","Vanløse",2720,55.692276,12.4689665,"København",1993-12-29
"147","0a3f50ae-c4ff-32b8-e044-0003ba298018","terraced house","Slagelse",4200,55.405323,11.373725,"Slagelse",2011-05-23
"148","0a3f509e-eb09-32b8-e044-0003ba298018","villa","København S",2300,55.65048,12.60971,"København",1993-08-13
"149","0a3f50bf-258e-32b8-e044-0003ba298018","villa","Vemb",7570,56.342644,8.34251,"Holstebro",2007-08-23
"150","0a3f50b6-34d4-32b8-e044-0003ba298018","villa","Aarup",5560,55.337112,10.106801,"Assens",2015-03-31
"151","0a3f50b9-a3de-32b8-e044-0003ba298018","villa","Grindsted",7200,55.6501,8.816795,"Varde",1999-05-05
"152","0a3f50a4-164c-32b8-e044-0003ba298018","villa","Gentofte",2820,55.744907,12.525877,"Gentofte",1994-03-18
"153","0a3f50c0-4bd9-32b8-e044-0003ba298018","villa","Havndal",8970,56.666924,10.212168,"Randers",1994-11-29
"154","0a3f50c7-d684-32b8-e044-0003ba298018","holiday house","Hals",9370,57.052208,10.3669815,"Aalborg",2010-06-30
"155","0a3f50a6-c744-32b8-e044-0003ba298018","villa","Holte",2840,55.825874,12.489625,"Rudersdal",1996-04-23
"156","0a3f50b0-d610-32b8-e044-0003ba298018","villa","Næstved",4700,55.207794,11.751198,"Næstved",2004-10-19
"157","0a3f50af-03c5-32b8-e044-0003ba298018","villa","Svinninge",4520,55.745422,11.5251045,"Holbæk",2020-04-30
"158","0a3f50ac-601a-32b8-e044-0003ba298018","terraced house","Solrød Strand",2680,55.530594,12.205551,"Solrød",2017-11-28
"159","0a3f50bf-67c1-32b8-e044-0003ba298018","holiday house","Ebeltoft",8400,56.21578,10.683249,"Syddjurs",1997-11-03
"160","0a3f50ae-9cba-32b8-e044-0003ba298018","villa","Slagelse",4200,55.4148,11.336554,"Slagelse",2003-06-21
"161","0a3f50af-f490-32b8-e044-0003ba298018","holiday house","Bogø By",4793,54.91934,12.055205,"Vordingborg",2005-06-13
"162","0a3f50bd-cb6a-32b8-e044-0003ba298018","holiday house","Ringkøbing",6950,56.14451,8.120347,"Ringkøbing-Skjern",1994-01-20
"163","0a3f50b5-c4fd-32b8-e044-0003ba298018","terraced house","Humble",5932,54.816154,10.701022,"Langeland",2000-09-18
"164","0a3f50b8-dceb-32b8-e044-0003ba298018","condo","Esbjerg",6700,55.473564,8.438152,"Esbjerg",2016-12-18
"165","0a3f50ca-baa3-32b8-e044-0003ba298018","villa","Aalborg SØ",9210,57.012207,9.9354725,"Aalborg",2003-12-15
"166","0a3f50b1-2b6a-32b8-e044-0003ba298018","villa","Haslev",4690,55.3126,12.067813,"Faxe",1998-09-19
"167","0a3f50bd-3da7-32b8-e044-0003ba298018","villa","Tarm",6880,55.886547,8.440833,"Ringkøbing-Skjern",2023-11-15
"168","089e7fd8-b07c-4707-b4ef-e211b9ca0030","holiday house","Ringkøbing",6950,56.126724,8.124128,"Ringkøbing-Skjern",2019-08-09
"169","0a3f50ca-473c-32b8-e044-0003ba298018","villa","Nørresundby",9400,57.069416,9.895809,"Aalborg",2023-07-14
"170","0a3f50ca-316e-32b8-e044-0003ba298018","villa","Aalborg SØ",9210,57.011143,9.939121,"Aalborg",1992-11-19
"171","0a3f50a7-f4d5-32b8-e044-0003ba298018","villa","Birkerød",3460,55.84103,12.444444,"Rudersdal",2000-11-07
"172","0a3f50b8-8e59-32b8-e044-0003ba298018","holiday house","Oksbøl",6840,55.656532,8.141699,"Varde",2006-12-26
"173","0a3f50ba-f4cf-32b8-e044-0003ba298018","villa","Østbirk",8752,55.969357,9.699228,"Horsens",2012-12-11
"174","0a3f50b2-ef18-32b8-e044-0003ba298018","holiday house","Martofte",5390,55.56977,10.608599,"Kerteminde",2014-12-17
"175","73c6f9d6-1b0f-0b24-e044-00144f3ead67","condo","Frederiksberg",2000,55.68114,12.523163,"Frederiksberg",2009-09-16
"176","0a3f50af-4d89-32b8-e044-0003ba298018","holiday house","Vig",4560,55.87093,11.527465,"Odsherred",2023-10-22
"177","0a3f50c3-62ab-32b8-e044-0003ba298018","villa","Risskov",8240,56.197388,10.218095,"Aarhus",1993-07-13
"178","0a3f50ab-91b7-32b8-e044-0003ba298018","villa","Køge",4600,55.48945,12.187338,"Køge",2014-11-19
"179","0a3f50c8-9da2-32b8-e044-0003ba298018","villa","Løkken",9480,57.4079,9.811556,"Hjørring",2009-07-02
"180","0a3f50b9-4a4c-32b8-e044-0003ba298018","villa","Esbjerg V",6710,55.496017,8.428332,"Esbjerg",2010-04-18
"181","0a3f50af-7ba2-32b8-e044-0003ba298018","villa","Faxe",4640,55.258904,12.118073,"Faxe",2023-09-27
"182","0a3f50ac-779e-32b8-e044-0003ba298018","holiday house","Strøby",4671,55.3971,12.32616,"Stevns",2021-06-03
"183","0a3f50af-2df6-32b8-e044-0003ba298018","holiday house","Højby",4573,55.92513,11.530461,"Odsherred",2011-09-12
"184","0a3f50a5-9f7e-32b8-e044-0003ba298018","villa","Hvidovre",2650,55.64363,12.452806,"Hvidovre",2016-01-17
"185","0a3f50bc-8cfc-32b8-e044-0003ba298018","villa","Vamdrup",6580,55.391476,9.327401,"Kolding",2022-03-24
"186","0a3f50ac-f1a0-32b8-e044-0003ba298018","holiday house","Gørlev",4281,55.51777,11.144244,"Kalundborg",2000-03-27
"187","0a3f50b2-cc1c-32b8-e044-0003ba298018","villa apartment","Glamsbjerg",5620,55.278225,10.105305,"Assens",1999-12-10
"188","0a3f50b5-f932-32b8-e044-0003ba298018","villa","Ullerslev",5540,55.347263,10.66385,"Nyborg",2003-01-08
"189","0a3f50c4-19a5-32b8-e044-0003ba298018","condo","Aarhus C",8000,56.163555,10.203807,"Aarhus",2018-05-28
"190","0a3f50c7-9bdb-32b8-e044-0003ba298018","holiday house","Hadsund",9560,56.81275,10.2654,"Mariagerfjord",2014-09-17
"191","0a3f50c9-9696-32b8-e044-0003ba298018","villa","Sæby",9300,57.32695,10.50552,"Frederikshavn",2017-09-05
"192","0a3f50a4-60c7-32b8-e044-0003ba298018","villa","Kongens Lyngby",2800,55.753384,12.47992,"Gladsaxe",2014-01-14
"193","0a3f50af-ed3c-32b8-e044-0003ba298018","villa","Borre",4791,54.989685,12.422552,"Vordingborg",2014-03-29
"194","0a3f50a5-820f-32b8-e044-0003ba298018","villa","Hvidovre",2650,55.65346,12.482803,"Hvidovre",2023-11-02
"195","0a3f50bd-6373-32b8-e044-0003ba298018","villa","Herning",7400,56.13416,9.064636,"Herning",2001-11-27
"196","32c88351-b4ab-1479-e044-0003ba298018","terraced house","Skanderborg",8660,56.046574,9.92567,"Skanderborg",2005-11-25
"197","0ab7a635-3b1c-0435-e044-0003ba298018","holiday house","Vordingborg",4760,54.975273,11.998377,"Vordingborg",2003-02-14
"198","0a3f50aa-dc42-32b8-e044-0003ba298018","holiday house","Kirke Hyllinge",4070,55.697376,11.857406,"Lejre",2021-04-09
"199","0a3f50ab-1452-32b8-e044-0003ba298018","villa","Karlslunde",2690,55.57123,12.23418,"Greve",1994-07-31
"200","0a3f50b7-e15b-32b8-e044-0003ba298018","villa","Tinglev",6360,54.928135,9.247653,"Aabenraa",1997-08-13
"201","0a3f50be-126b-32b8-e044-0003ba298018","villa apartment","Holstebro",7500,56.351707,8.625533,"Holstebro",2005-07-01
"202","0a3f50c8-d515-32b8-e044-0003ba298018","villa","Blokhus",9492,57.245415,9.591023,"Jammerbugt",2012-06-01
"203","0a3f50b3-eea9-32b8-e044-0003ba298018","terraced house","Odense NV",5210,55.41568,10.326935,"Odense",2007-06-25
"204","0a3f50ca-c8b4-32b8-e044-0003ba298018","condo","Nørresundby",9400,57.072643,9.919998,"Aalborg",2009-06-10
"205","0a3f509d-a7d7-32b8-e044-0003ba298018","condo","København Ø",2100,55.7129,12.578346,"København",2002-04-30
"206","0a3f50bf-7d1d-32b8-e044-0003ba298018","holiday house","Ebeltoft",8400,56.23404,10.645761,"Syddjurs",2002-12-05
"207","0a3f50c1-987f-32b8-e044-0003ba298018","holiday house","Rønde",8410,56.35991,10.452136,"Syddjurs",2005-05-02
"208","0a3f50c1-8612-32b8-e044-0003ba298018","villa","Skanderborg",8660,56.060886,9.873929,"Skanderborg",1994-10-26
"209","0a3f50c6-63a1-32b8-e044-0003ba298018","villa","Viborg",8800,56.427917,9.402438,"Viborg",2018-11-23
"210","0a3f50ab-554b-32b8-e044-0003ba298018","villa","Hvalsø",4330,55.59637,11.8518715,"Lejre",2002-10-30
"211","0a3f50bb-d81a-32b8-e044-0003ba298018","villa","Juelsminde",7130,55.767395,9.988405,"Hedensted",2008-02-22
"212","0a3f50b7-79fb-32b8-e044-0003ba298018","holiday house","Rømø",6792,55.08703,8.549035,"Tønder",2012-04-17
"213","0a3f50c9-158a-32b8-e044-0003ba298018","villa","Sindal",9870,57.42823,10.190442,"Hjørring",2010-08-06
"214","0a3f50a1-52a5-32b8-e044-0003ba298018","villa","København S",2300,55.64213,12.621005,"København",1994-03-24
"215","0a3f50ad-46c5-32b8-e044-0003ba298018","terraced house","Vipperød",4390,55.664913,11.74104,"Holbæk",2021-07-29
"216","0a3f50ab-1d03-32b8-e044-0003ba298018","terraced house","Greve",2670,55.580017,12.266647,"Greve",2011-05-10
"217","0a3f50b4-3225-32b8-e044-0003ba298018","condo","Odense C",5000,55.405018,10.4031315,"Odense",1998-03-26
"218","0a3f50ca-339e-32b8-e044-0003ba298018","villa","Aalborg SV",9200,57.016243,9.90891,"Aalborg",1997-08-06
"219","0a3f50c9-4acb-32b8-e044-0003ba298018","villa","Terndrup",9575,56.814404,10.063128,"Rebild",2003-08-15
"220","0a3f50c9-1e3d-32b8-e044-0003ba298018","villa","Hjørring",9800,57.452892,10.128516,"Hjørring",2005-05-13
"221","0a3f50a3-c697-32b8-e044-0003ba298018","villa apartment","Hellerup",2900,55.732323,12.567262,"Gentofte",2018-08-06
"222","0a3f50a8-c74a-32b8-e044-0003ba298018","holiday house","Græsted",3230,56.108192,12.20777,"Gribskov",1996-12-08
"223","0a3f50c9-811f-32b8-e044-0003ba298018","villa","Sæby",9300,57.2146,10.471062,"Frederikshavn",2023-12-18
"224","0a3f50b6-67a0-32b8-e044-0003ba298018","holiday house","Broager",6310,54.898216,9.699894,"Sønderborg",2020-04-29
"225","0a3f50bf-60de-32b8-e044-0003ba298018","villa","Sønder Felding",7280,55.94035,8.776907,"Herning",1999-06-30
"226","0a3f50ae-4285-32b8-e044-0003ba298018","villa","Ringsted",4100,55.43141,11.806326,"Ringsted",2007-06-15
"227","0a3f50ac-3f64-32b8-e044-0003ba298018","villa","Borup",4140,55.479176,12.01277,"Køge",2009-12-01
"228","0a3f50a6-9055-32b8-e044-0003ba298018","terraced house","Rødovre",2610,55.705025,12.4452505,"Rødovre",1998-01-11
"229","0a3f50b3-aa8b-32b8-e044-0003ba298018","villa","Odense S",5260,55.339455,10.360815,"Odense",2016-01-13
"230","0a3f50be-da4f-32b8-e044-0003ba298018","villa","Struer",7600,56.55032,8.6254425,"Struer",2020-09-18
"231","0a3f50b4-52c0-32b8-e044-0003ba298018","villa","Odense N",5270,55.422966,10.357325,"Odense",1996-06-20
"232","0a3f50c3-0bea-32b8-e044-0003ba298018","villa","Viby J",8260,56.13884,10.175085,"Aarhus",2006-03-24
"233","0a3f50c0-65e2-32b8-e044-0003ba298018","villa","Ryomgård",8550,56.381374,10.501049,"Syddjurs",2005-09-02
"234","ca45ba7a-de46-436c-abe6-cf2f7f9ff18b","condo","Aalborg",9000,57.04941,9.914037,"Aalborg",2020-05-29
"235","0a3f50c1-4b8e-32b8-e044-0003ba298018","condo","Randers C",8900,56.464928,10.02305,"Randers",2004-04-19
"236","2b3d6b24-c569-29a6-e044-0003ba298018","villa","Struer",7600,56.513912,8.577106,"Struer",2006-05-04
"237","0a3f50ad-0993-32b8-e044-0003ba298018","villa","Haslev",4690,55.29906,11.942028,"Faxe",2017-05-05
"238","0a3f50a9-9b6e-32b8-e044-0003ba298018","villa","Tikøb",3080,56.02299,12.452115,"Helsingør",2001-03-01
"239","0a3f509f-7ddc-32b8-e044-0003ba298018","condo","København N",2200,55.698166,12.538276,"København",2000-03-28
"240","0a3f50b2-ef82-32b8-e044-0003ba298018","villa","Kerteminde",5300,55.478504,10.698481,"Kerteminde",2011-07-29
"241","d81d9297-1cb2-4e6d-88d8-422d3b360495","villa apartment","Brønderslev",9700,57.26794,9.948463,"Brønderslev",2013-05-23
"242","0a3f50ae-1b54-32b8-e044-0003ba298018","holiday house","Rørvig",4581,55.944645,11.719327,"Odsherred",2006-03-21
"243","0a3f50af-12e0-32b8-e044-0003ba298018","villa","Mørkøv",4440,55.62176,11.49116,"Holbæk",2009-11-30
"244","0a3f50c1-907b-32b8-e044-0003ba298018","villa","Ry",8680,56.070965,9.694678,"Skanderborg",2010-10-18
"245","0a3f50bc-b44b-32b8-e044-0003ba298018","villa","Vejle",7100,55.716984,9.523968,"Vejle",1999-08-12
"246","0a3f50b4-e4a9-32b8-e044-0003ba298018","villa","Odense NV",5210,55.42742,10.287883,"Odense",2017-08-11
"247","0a3f50a4-d340-32b8-e044-0003ba298018","villa","Glostrup",2600,55.680813,12.416959,"Glostrup",2002-04-01
"248","0a3f50b2-b77f-32b8-e044-0003ba298018","villa","Faaborg",5600,55.08611,10.277517,"Faaborg-Midtfyn",2013-05-11
"249","0a3f50c9-26c0-32b8-e044-0003ba298018","villa","Skagen",9990,57.725986,10.591351,"Frederikshavn",2023-12-22
"250","0a3f509f-192f-32b8-e044-0003ba298018","condo","København N",2200,55.69026,12.554411,"København",2017-09-08
"251","0a3f50b3-b547-32b8-e044-0003ba298018","condo","Odense C",5000,55.39668,10.398554,"Odense",2015-07-03
"252","0a3f50b1-5d71-32b8-e044-0003ba298018","villa","Store Heddinge",4660,55.3089,12.390971,"Stevns",1992-07-06
"253","0a3f50c7-08ea-32b8-e044-0003ba298018","villa","Dronninglund",9330,57.19903,10.380263,"Brønderslev",2019-07-03
"254","0a3f50a8-fdc4-32b8-e044-0003ba298018","holiday house","Vejby",3210,56.086018,12.136587,"Gribskov",2022-11-28
"255","0a3f50bf-8c3c-32b8-e044-0003ba298018","holiday house","Knebel",8420,56.18471,10.461932,"Syddjurs",1993-07-20
"256","0a3f50c2-934e-32b8-e044-0003ba298018","terraced house","Beder",8330,56.053673,10.202312,"Aarhus",2001-07-23
"257","0a3f50a8-0f75-32b8-e044-0003ba298018","villa","Farum",3520,55.808918,12.35398,"Furesø",2024-11-30
"258","0a3f50be-0ce4-32b8-e044-0003ba298018","terraced house","Holstebro",7500,56.321007,8.707412,"Holstebro",2005-03-21
"259","0a3f50c3-15d6-32b8-e044-0003ba298018","villa","Egå",8250,56.241585,10.337134,"Aarhus",2002-06-17
"260","0a3f50b3-7264-32b8-e044-0003ba298018","condo","Nyborg",5800,55.309647,10.781387,"Nyborg",2025-01-03
"261","0a3f50b9-f0c7-32b8-e044-0003ba298018","villa","Janderup Vestj",6851,55.639935,8.406404,"Varde",2004-02-18
"262","0a3f50be-39cb-32b8-e044-0003ba298018","villa","Bording",7441,56.149006,9.280367,"Ikast-Brande",2016-06-29
"263","0a3f50b5-98e7-32b8-e044-0003ba298018","villa","Svendborg",5700,55.05194,10.605137,"Svendborg",1998-03-23
"264","3a2d98d1-7e21-45a5-8475-75cea75ceecb","villa","Taastrup",2630,55.679638,12.235795,"Høje-Taastrup",1998-02-23
"265","0a3f50c4-fcba-32b8-e044-0003ba298018","holiday house","Thisted",7700,57.034912,8.502541,"Thisted",2006-11-05
"266","0a3f50b7-5928-32b8-e044-0003ba298018","villa","Rødekro",6230,55.061893,9.176037,"Aabenraa",1992-02-11
"267","0a3f50c7-bb87-32b8-e044-0003ba298018","holiday house","Hals",9370,57.051167,10.369626,"Aalborg",2023-10-01
"268","0a3f50aa-7931-32b8-e044-0003ba298018","villa","Skibby",4050,55.768265,11.961557,"Frederikssund",2020-01-12
"269","0a3f50a6-808a-32b8-e044-0003ba298018","condo","Rødovre",2610,55.67394,12.450831,"Rødovre",1995-06-23
"270","0a3f50a1-7f0d-32b8-e044-0003ba298018","condo","København S",2300,55.667545,12.59583,"København",2017-10-26
"271","0a3f50b1-1b54-32b8-e044-0003ba298018","terraced house","Rødby",4970,54.69511,11.396079,"Lolland",1997-01-09
"272","0a3f50a8-4559-32b8-e044-0003ba298018","condo","Humlebæk",3050,55.954952,12.520601,"Fredensborg",2001-01-14
"273","0a3f50bd-2e0e-32b8-e044-0003ba298018","villa","Brande",7330,55.95048,9.107519,"Ikast-Brande",2003-08-19
"274","0a3f50a9-32e6-32b8-e044-0003ba298018","condo","Helsingør",3000,56.038258,12.589768,"Helsingør",2015-05-29
"275","0a3f50b0-7043-32b8-e044-0003ba298018","villa","Næstved",4700,55.24181,11.770749,"Næstved",1992-07-02
"276","0a3f50af-4dbb-32b8-e044-0003ba298018","holiday house","Sjællands Odde",4583,55.979824,11.322837,"Odsherred",2015-07-29
"277","0a3f50ba-dab0-32b8-e044-0003ba298018","villa","Fredericia",7000,55.5741,9.768264,"Fredericia",1994-12-19
"278","0a3f50b2-db5d-32b8-e044-0003ba298018","villa","Hesselager",5874,55.17129,10.73746,"Svendborg",1998-01-05
"279","0a3f50ad-409c-32b8-e044-0003ba298018","villa","Holbæk",4300,55.735752,11.704684,"Holbæk",2018-07-11
"280","0a3f50a2-45a2-32b8-e044-0003ba298018","condo","Frederiksberg",2000,55.67534,12.514262,"Frederiksberg",2011-08-25
"281","6be56d7d-7ecf-4130-9291-ac8193cabb00","condo","København S",2300,55.66517,12.62523,"København",2021-05-07
"282","2af7b54b-db3e-414d-aa0d-7e007da1c4e7","terraced house","Græsted",3230,56.065342,12.283621,"Gribskov",2010-12-16
"283","0a3f50ae-028c-32b8-e044-0003ba298018","villa","Nykøbing Sj",4500,55.92289,11.657095,"Odsherred",2021-06-10
"284","0a3f50c4-07a5-32b8-e044-0003ba298018","villa","Sabro",8471,56.214596,10.025679,"Aarhus",1994-06-15
"285","0a3f50bf-5fd3-32b8-e044-0003ba298018","villa","Kibæk",6933,56.051704,8.867147,"Herning",2002-07-30
"286","0a3f50c8-88cf-32b8-e044-0003ba298018","villa","Løgstør",9670,56.9665,9.245933,"Vesthimmerlands",2022-05-25
"287","0a3f50ba-1e10-32b8-e044-0003ba298018","villa","Vejen",6600,55.485535,9.133092,"Vejen",2011-10-03
"288","0a3f50ac-74e9-32b8-e044-0003ba298018","villa","Køge",4600,55.42175,12.226643,"Stevns",2021-10-12
"289","0a3f50ab-b561-32b8-e044-0003ba298018","terraced house","Gadstrup",4621,55.57444,12.097032,"Roskilde",2000-02-10
"290","0a3f50a4-d042-32b8-e044-0003ba298018","villa","Glostrup",2600,55.702934,12.427373,"Glostrup",2008-09-11
"291","0a3f50c1-f2fc-32b8-e044-0003ba298018","holiday house","Silkeborg",8600,56.123478,9.676468,"Silkeborg",2003-06-16
"292","0a3f50b6-63af-32b8-e044-0003ba298018","villa","Bredebro",6261,55.055183,8.825785,"Tønder",2012-04-29
"293","0a3f50a7-839e-32b8-e044-0003ba298018","terraced house","Vallensbæk",2625,55.65038,12.361685,"Vallensbæk",2017-02-28
"294","5338c3f8-bc0f-00e2-e044-0003ba298018","villa","Svenstrup J",9230,56.96782,9.833091,"Aalborg",2006-10-02
"295","0a3f50b1-4af5-32b8-e044-0003ba298018","villa","Klippinge",4672,55.33651,12.281872,"Stevns",2001-11-27
"296","cbd16a87-8286-49ba-b694-0fd187843eeb","terraced house","Brønshøj",2700,55.700264,12.489832,"København",2020-12-21
"297","0a3f50ab-8b06-32b8-e044-0003ba298018","villa","Køge",4600,55.48091,12.096333,"Køge",2005-04-07
"298","0a3f50ad-98b4-32b8-e044-0003ba298018","villa","Mørkøv",4440,55.59275,11.496852,"Holbæk",2023-11-06
"299","0a3f50b1-3016-32b8-e044-0003ba298018","villa","Haslev",4690,55.287594,12.035658,"Faxe",2018-02-23
"300","0a3f50b3-5f68-32b8-e044-0003ba298018","terraced house","Nyborg",5800,55.331123,10.795318,"Nyborg",2014-09-22
"301","0a3f50c8-3d73-32b8-e044-0003ba298018","villa apartment","Hjørring",9800,57.45201,9.992909,"Hjørring",2008-01-03
"302","0a3f50a1-3256-32b8-e044-0003ba298018","terraced house","Brønshøj",2700,55.71339,12.474014,"København",2010-04-08
"303","0a3f50aa-a6a9-32b8-e044-0003ba298018","villa","Stenløse",3660,55.77124,12.187277,"Egedal",2022-12-08
"304","0a3f50af-0b35-32b8-e044-0003ba298018","villa apartment","Mørkøv",4440,55.654526,11.498306,"Holbæk",2021-07-19
"305","0a3f50b8-a07d-32b8-e044-0003ba298018","villa","Bramming",6740,55.520504,8.781103,"Esbjerg",1994-08-12
"306","0a3f50ab-9177-32b8-e044-0003ba298018","villa","Herfølge",4681,55.3955,12.130859,"Køge",2008-01-29
"307","0a3f50a7-fbe4-32b8-e044-0003ba298018","holiday house","Birkerød",3460,55.861248,12.430713,"Rudersdal",2007-09-05
"308","0a3f50be-b520-32b8-e044-0003ba298018","villa","Skjern",6900,56.01022,8.642598,"Ringkøbing-Skjern",1993-10-06
"309","0a3f509e-7c27-32b8-e044-0003ba298018","condo","København S",2300,55.66558,12.575545,"København",2006-07-24
"310","0a3f50af-e44d-32b8-e044-0003ba298018","holiday house","Stege",4780,54.968513,12.393362,"Vordingborg",1998-09-03
"311","0a3f50ab-60f4-32b8-e044-0003ba298018","villa","Køge",4600,55.467876,12.168937,"Køge",1997-10-20
"312","0a3f50bd-7852-32b8-e044-0003ba298018","villa","Herning",7400,56.136444,8.949079,"Herning",2007-10-17
"313","0a3f50a8-4180-32b8-e044-0003ba298018","condo","Humlebæk",3050,55.95933,12.528566,"Fredensborg",2008-06-23
"314","0a3f50af-d892-32b8-e044-0003ba298018","villa","Nørreballe",4951,54.803375,11.42868,"Lolland",1994-12-05
"315","0a3f50be-885d-32b8-e044-0003ba298018","villa","Lemvig",7620,56.566765,8.219942,"Lemvig",2007-06-04
"316","0a3f50c5-4ede-32b8-e044-0003ba298018","villa","Nykøbing M",7900,56.757313,8.796895,"Morsø",2002-12-03
"317","0a3f50ca-14da-32b8-e044-0003ba298018","villa","Aalborg",9000,57.04271,9.8977785,"Aalborg",2010-02-19
"318","0a3f50bf-a758-32b8-e044-0003ba298018","villa","Galten",8464,56.151672,9.900753,"Skanderborg",1998-10-08
"319","0a3f50be-98ea-32b8-e044-0003ba298018","villa","Spjald",6971,56.142887,8.4299965,"Ringkøbing-Skjern",2012-10-19
"320","0a3f50c3-bc33-32b8-e044-0003ba298018","terraced house","Risskov",8240,56.20287,10.2679205,"Aarhus",2024-02-12
"321","0a3f50ca-21ad-32b8-e044-0003ba298018","condo","Aalborg",9000,57.041813,9.940828,"Aalborg",2001-10-24
"322","0a3f50bf-ce22-32b8-e044-0003ba298018","villa","Grenaa",8500,56.419865,10.854052,"Norddjurs",1998-06-02
"323","0a3f50b0-434c-32b8-e044-0003ba298018","villa","Nykøbing F",4800,54.76617,11.88183,"Guldborgsund",1995-09-05
"324","0a3f50ab-5403-32b8-e044-0003ba298018","villa","Kirke Såby",4060,55.62886,11.873218,"Lejre",2015-06-26
"325","0a3f50c5-ebdc-32b8-e044-0003ba298018","holiday house","Vestervig",7770,56.779778,8.258753,"Thisted",2016-11-04
"326","0a3f50b3-10ec-32b8-e044-0003ba298018","villa","Marstal",5960,54.84986,10.5140085,"Ærø",2023-06-21
"327","0a3f50af-d28f-32b8-e044-0003ba298018","terraced house","Maribo",4930,54.77374,11.503324,"Lolland",1999-01-29
"328","0a3f50be-3b2f-32b8-e044-0003ba298018","villa","Ikast",7430,56.135105,9.173269,"Ikast-Brande",2024-01-19
"329","0a3f50ad-b534-32b8-e044-0003ba298018","terraced house","Kalundborg",4400,55.679913,11.099024,"Kalundborg",1996-10-07
"330","0a3f50c7-4d31-32b8-e044-0003ba298018","villa","Frederikshavn",9900,57.450645,10.500611,"Frederikshavn",2000-07-04
"331","0a3f50bd-14ea-32b8-e044-0003ba298018","terraced house","Aulum",7490,56.26611,8.793195,"Herning",2004-03-22
"332","b00fba51-3fd6-4425-85a1-205e11c9dd7b","condo","Aarhus C",8000,56.156174,10.192819,"Aarhus",2017-07-12
"333","0a3f50c2-ced9-32b8-e044-0003ba298018","villa","Aarhus C",8000,56.161385,10.18794,"Aarhus",2002-01-30
"334","0a3f50b6-c6c1-32b8-e044-0003ba298018","terraced house","Haderslev",6100,55.24315,9.497726,"Haderslev",1992-02-04
"335","1f7a7527-9da5-403c-e044-0003ba298018","villa","Brønderslev",9700,57.27989,9.96679,"Brønderslev",2006-03-31
"336","0a3f50ab-d40d-32b8-e044-0003ba298018","terraced house","Roskilde",4000,55.66405,12.098856,"Roskilde",2009-05-25
"337","0a3f50c0-4059-32b8-e044-0003ba298018","villa","Langå",8870,56.40045,9.930747,"Randers",1993-04-14
"338","0a3f50ac-4c31-32b8-e044-0003ba298018","terraced house","Borup",4140,55.49632,11.974578,"Køge",2005-02-27
"339","0a3f50a1-419a-32b8-e044-0003ba298018","condo","København NV",2400,55.70187,12.531361,"København",2023-06-14
"340","0a3f50af-0028-32b8-e044-0003ba298018","villa","Svinninge",4520,55.719288,11.468346,"Holbæk",2009-05-19
"341","0a3f50b0-f864-32b8-e044-0003ba298018","holiday house","Præstø",4720,55.097897,12.1657295,"Vordingborg",2001-08-27
"342","0a3f50ae-91d5-32b8-e044-0003ba298018","terraced house","Slagelse",4200,55.418495,11.357387,"Slagelse",2017-12-01
"343","0a3f50a3-9d63-32b8-e044-0003ba298018","villa","Hellerup",2900,55.740665,12.550335,"Gentofte",2015-12-13
"344","0a3f50ab-14ee-32b8-e044-0003ba298018","villa","Greve",2670,55.59709,12.297428,"Greve",1995-06-23
"345","0a3f50b3-8006-32b8-e044-0003ba298018","villa","Nørre Aaby",5580,55.45931,9.869448,"Middelfart",2020-04-14
"346","0a3f50a0-49ca-32b8-e044-0003ba298018","condo","København Ø",2100,55.702087,12.580493,"København",1995-10-20
"347","0a3f50c6-4039-32b8-e044-0003ba298018","villa","Tjele",8830,56.498558,9.681063,"Viborg",2000-12-14
"348","0a3f50a2-c8a5-32b8-e044-0003ba298018","condo","Frederiksberg",2000,55.67955,12.524797,"Frederiksberg",2011-04-29
"349","0a3f50ab-126a-32b8-e044-0003ba298018","villa","Greve",2670,55.58431,12.310138,"Greve",2008-01-28
"350","0a3f50a8-3a5d-32b8-e044-0003ba298018","villa","Fredensborg",3480,55.979256,12.412193,"Fredensborg",2008-09-02
"351","0a3f50a5-d719-32b8-e044-0003ba298018","villa","Hedehusene",2640,55.656097,12.186838,"Høje-Taastrup",2023-02-28
"352","22729a66-acbd-44d0-e044-0003ba298018","villa","Østervrå",9750,57.337826,10.245319,"Frederikshavn",2008-07-29
"353","0a3f50c1-9c53-32b8-e044-0003ba298018","terraced house","Rønde",8410,56.2859,10.585604,"Syddjurs",1996-09-06
"354","0a3f50c9-6f26-32b8-e044-0003ba298018","villa","Suldrup",9541,56.839268,9.642576,"Rebild",1995-09-15
"355","cb0a2fda-4014-4564-98d3-a7b66186d60e","villa","Hjørring",9800,57.50983,10.023863,"Hjørring",2019-08-19
"356","0a3f50a1-80e2-32b8-e044-0003ba298018","condo","København S",2300,55.666756,12.6016445,"København",2016-07-21
"357","0a3f50a5-a745-32b8-e044-0003ba298018","terraced house","Hedehusene",2640,55.663044,12.194173,"Høje-Taastrup",2020-04-08
"358","0a3f509f-20a8-32b8-e044-0003ba298018","condo","København S",2300,55.6464,12.625267,"København",2005-04-25
"359","0c65634c-da2f-30a3-e044-0003ba298018","holiday house","Egå",8250,56.236538,10.326078,"Aarhus",1998-03-26
"360","0a3f50b1-39fa-32b8-e044-0003ba298018","villa","Sakskøbing",4990,54.815315,11.760221,"Guldborgsund",2019-03-31
"361","0a3f50a1-cb61-32b8-e044-0003ba298018","villa apartment","Valby",2500,55.652008,12.499283,"København",2017-09-01
"362","0a3f50a9-9312-32b8-e044-0003ba298018","terraced house","Hornbæk",3100,56.085358,12.450264,"Helsingør",2019-11-25
"363","0a3f509f-46a7-32b8-e044-0003ba298018","condo","København Ø",2100,55.707188,12.580895,"København",2012-01-02
"364","0a3f50be-5e91-32b8-e044-0003ba298018","villa","Engesvang",7442,56.172115,9.356011,"Ikast-Brande",2010-01-20
"365","0a3f50ca-d17d-32b8-e044-0003ba298018","condo","Aalborg",9000,57.04097,9.931749,"Aalborg",2000-02-02
"366","39ff92cd-e8f5-0991-e044-0003ba298018","condo","Birkerød",3460,55.847878,12.437754,"Rudersdal",2016-06-03
"367","0a3f50c4-8d54-32b8-e044-0003ba298018","villa","Trige",8380,56.252308,10.135454,"Aarhus",2022-10-07
"368","0a3f50be-010c-32b8-e044-0003ba298018","villa","Holstebro",7500,56.325752,8.712953,"Holstebro",2007-09-18
"369","0a3f50aa-911f-32b8-e044-0003ba298018","villa","Slangerup",3550,55.86315,12.250912,"Hillerød",2021-07-19
"370","0a3f50af-a73b-32b8-e044-0003ba298018","villa","Holmegaard",4684,55.262074,11.854833,"Næstved",2003-08-28
"371","0a3f509e-30a4-32b8-e044-0003ba298018","condo","Brønshøj",2700,55.712982,12.4698925,"København",1994-04-14
"372","0a3f50c4-e47d-32b8-e044-0003ba298018","villa","Rødkærsbro",8840,56.352146,9.50869,"Viborg",2017-11-12
"373","0a3f50ae-0716-32b8-e044-0003ba298018","holiday house","Rørvig",4581,55.95736,11.753668,"Odsherred",2000-04-03
"374","0a3f50bb-e51c-32b8-e044-0003ba298018","villa apartment","Kolding",6000,55.48327,9.471736,"Kolding",2000-05-18
"375","0a3f50a3-e5aa-32b8-e044-0003ba298018","condo","Gentofte",2820,55.747993,12.516871,"Gentofte",2011-03-10
"376","45f29248-a998-2b68-e044-0003ba298018","villa","Åbyhøj",8230,56.157986,10.146843,"Aarhus",2005-06-09
"377","0a3f50b4-4828-32b8-e044-0003ba298018","condo","Odense SV",5250,55.364475,10.348035,"Odense",2006-06-26
"378","0a3f50b5-e0d8-32b8-e044-0003ba298018","holiday house","Tommerup",5690,55.275936,10.197142,"Assens",2005-01-06
"379","0a3f50b7-9ad2-32b8-e044-0003ba298018","villa","Sønderborg",6400,54.920193,9.773519,"Sønderborg",1998-01-27
"380","0a3f50c5-0c51-32b8-e044-0003ba298018","villa","Ulstrup",8860,56.371246,9.823406,"Favrskov",1998-03-16
"381","0a3f50c4-192c-32b8-e044-0003ba298018","condo","Aarhus C",8000,56.16276,10.206059,"Aarhus",1996-09-03
"382","0a3f50b9-f9de-32b8-e044-0003ba298018","villa","Varde",6800,55.628407,8.473712,"Varde",1996-08-27
"383","0a3f50c3-8bcc-32b8-e044-0003ba298018","villa apartment","Aarhus C",8000,56.161163,10.200818,"Aarhus",2020-11-11
"384","0a3f50b1-4313-32b8-e044-0003ba298018","villa","Sakskøbing",4990,54.798977,11.646095,"Guldborgsund",2017-03-30
"385","0a3f50bc-ab4d-32b8-e044-0003ba298018","villa","Vejle",7100,55.676403,9.562481,"Vejle",2014-06-26
"386","0a3f50b0-ee91-32b8-e044-0003ba298018","villa","Præstø",4720,55.120853,12.045768,"Vordingborg",2021-12-15
"387","0a3f50a4-b152-32b8-e044-0003ba298018","villa","Glostrup",2600,55.700592,12.416008,"Glostrup",1994-12-02
"388","0a3f50b7-e0a5-32b8-e044-0003ba298018","villa","Tinglev",6360,54.956966,9.258499,"Aabenraa",1996-01-26
"389","16d19f5b-f23d-16bd-e044-0003ba298018","terraced house","Hørning",8362,56.088764,10.028119,"Skanderborg",2006-02-08
"390","0a3f50ad-dcd6-32b8-e044-0003ba298018","terraced house","Vemmelev",4241,55.36211,11.258281,"Slagelse",1997-04-14
"391","0a3f50a0-83c8-32b8-e044-0003ba298018","condo","København N",2200,55.696136,12.539929,"København",2018-12-06
"392","0a3f50c4-86b9-32b8-e044-0003ba298018","villa apartment","Åbyhøj",8230,56.148045,10.155283,"Aarhus",1994-08-25
"393","0a3f50b1-0cb1-32b8-e044-0003ba298018","holiday house","Dannemare",4983,54.732895,11.139115,"Lolland",2015-08-12
"394","0a3f50b5-b7ad-32b8-e044-0003ba298018","villa apartment","Svendborg",5700,55.064545,10.616938,"Svendborg",2019-10-09
"395","0a3f50c8-e9e5-32b8-e044-0003ba298018","villa","Pandrup",9490,57.193348,9.677996,"Jammerbugt",2019-11-25
"396","0a3f50ae-fa4e-32b8-e044-0003ba298018","villa","Stenlille",4295,55.542343,11.589032,"Sorø",1999-12-21
"397","0a3f50c0-62fb-32b8-e044-0003ba298018","villa","Kolind",8560,56.31318,10.619425,"Syddjurs",2017-10-19
"398","0a3f50b4-3964-32b8-e044-0003ba298018","terraced house","Odense M",5230,55.37662,10.402919,"Odense",2010-04-16
"399","0a3f50b3-14e8-32b8-e044-0003ba298018","villa","Marstal",5960,54.872658,10.486086,"Ærø",2023-06-07
"400","0a3f50c2-d18a-32b8-e044-0003ba298018","condo","Aarhus C",8000,56.164112,10.199309,"Aarhus",2016-11-03
"401","0a3f50ad-f87b-32b8-e044-0003ba298018","villa","Korsør",4220,55.338543,11.123846,"Slagelse",1992-12-07
"402","0a3f50bf-6e1f-32b8-e044-0003ba298018","villa","Ebeltoft",8400,56.21876,10.693748,"Syddjurs",2002-05-03
"403","0a3f50ab-295a-32b8-e044-0003ba298018","terraced house","Greve",2670,55.585957,12.280049,"Greve",2017-12-17
"404","0a3f50c3-3041-32b8-e044-0003ba298018","villa","Skødstrup",8541,56.268,10.306926,"Aarhus",2009-11-24
"405","0a3f50b5-5014-32b8-e044-0003ba298018","villa","Ryslinge",5856,55.230022,10.539444,"Faaborg-Midtfyn",2008-10-09
"406","0a3f50c8-8295-32b8-e044-0003ba298018","holiday house","Løgstør",9670,56.933514,9.203529,"Vesthimmerlands",1994-04-06
"407","6d797692-be60-49ef-9855-7f7c5aa9f345","villa","Odense NV",5210,55.410572,10.300895,"Odense",2024-04-22
"408","0a3f50a8-4d8e-32b8-e044-0003ba298018","villa","Frederikssund",3600,55.850708,12.063723,"Frederikssund",1994-12-15
"409","0a3f50ab-d179-32b8-e044-0003ba298018","condo","Roskilde",4000,55.62843,12.064542,"Roskilde",2008-10-13
"410","0a3f50ca-c8cf-32b8-e044-0003ba298018","condo","Nørresundby",9400,57.07265,9.920597,"Aalborg",1995-09-13
"411","0a3f50a5-c79a-32b8-e044-0003ba298018","condo","Taastrup",2630,55.65069,12.273153,"Høje-Taastrup",2004-03-04
"412","0a3f50a1-41a4-32b8-e044-0003ba298018","condo","København NV",2400,55.701897,12.531674,"København",2005-02-16
"413","0a3f50be-efe3-32b8-e044-0003ba298018","villa","Struer",7600,56.509872,8.586522,"Struer",1999-11-25
"414","0a3f50b7-ffff-32b8-e044-0003ba298018","villa","Tønder",6270,54.949337,8.853339,"Tønder",2004-06-24
"415","0a3f50c2-36c4-32b8-e044-0003ba298018","condo","Skanderborg",8660,56.039005,9.929533,"Skanderborg",2001-01-05
"416","0a3f50bc-4cc6-32b8-e044-0003ba298018","holiday house","Almind",6051,55.5509,9.4291935,"Kolding",2016-12-19
"417","0a3f50bb-d379-32b8-e044-0003ba298018","villa","Juelsminde",7130,55.80715,10.003915,"Hedensted",1994-04-28
"418","0a3f50ac-64c4-32b8-e044-0003ba298018","villa","Solrød Strand",2680,55.528572,12.203484,"Solrød",2015-12-23
"419","512ce349-1a89-498e-b225-d410cbc18d3c","villa","Herning",7400,56.099506,8.997011,"Herning",2025-01-22
"420","0a3f50b3-4425-32b8-e044-0003ba298018","villa","Munkebo",5330,55.443153,10.54117,"Kerteminde",2011-08-01
"421","0a3f50b5-2ec7-32b8-e044-0003ba298018","terraced house","Ringe",5750,55.24655,10.464798,"Faaborg-Midtfyn",2009-07-23
"422","0a3f50bb-98d3-32b8-e044-0003ba298018","villa","Horsens",8700,55.87334,9.821493,"Horsens",2023-07-10
"423","1542a50a-b7d5-4957-806f-d876d45be184","condo","Aarhus C",8000,56.165234,10.230407,"Aarhus",2018-02-27
"424","0a3f50aa-ef49-32b8-e044-0003ba298018","villa","Greve",2670,55.581284,12.31062,"Greve",1997-04-16
"425","0a3f50b5-687e-32b8-e044-0003ba298018","villa","Svendborg",5700,55.06336,10.628771,"Svendborg",2011-01-05
"426","48284790-bae1-61c5-e044-0003ba298018","villa","Ringe",5750,55.22874,10.464274,"Faaborg-Midtfyn",2006-10-17
"427","0a3f50af-89a3-32b8-e044-0003ba298018","villa","Tappernøje",4733,55.175846,12.026405,"Næstved",2001-07-01
"428","0a3f50b8-a59d-32b8-e044-0003ba298018","villa","Bramming",6740,55.461903,8.705094,"Esbjerg",2018-11-01
"429","0a3f50a9-5ef2-32b8-e044-0003ba298018","terraced house","Snekkersten",3070,56.012753,12.575467,"Helsingør",2004-01-29
"430","0a3f50a6-fe94-32b8-e044-0003ba298018","condo","Holte",2840,55.802944,12.466801,"Rudersdal",2010-04-09
"431","0a3f50ca-be43-32b8-e044-0003ba298018","terraced house","Gistrup",9260,56.996754,9.980237,"Aalborg",1995-03-30
"432","0a3f50b1-f617-32b8-e044-0003ba298018","terraced house","Rønne",3700,55.106056,14.700068,"Bornholm",2005-01-17
"433","0a3f50b4-8509-32b8-e044-0003ba298018","terraced house","Odense SV",5250,55.364445,10.351569,"Odense",2018-11-09
"434","0a3f50bb-41f9-32b8-e044-0003ba298018","villa","Horsens",8700,55.86969,9.9233055,"Horsens",1995-06-15
"435","0a3f50c5-b3b3-32b8-e044-0003ba298018","villa","Skive",7800,56.575775,9.044355,"Skive",2010-12-19
"436","1df3184c-7594-61d6-e044-0003ba298018","villa apartment","Arden",9510,56.768223,9.861734,"Mariagerfjord",2008-10-23
"437","0a3f50ba-8119-32b8-e044-0003ba298018","terraced house","Fredericia",7000,55.54638,9.702988,"Fredericia",1997-09-15
"438","0a3f50bb-11d2-32b8-e044-0003ba298018","villa","Gadbjerg",7321,55.768475,9.242614,"Vejle",1994-08-24
"439","0a3f50b3-f387-32b8-e044-0003ba298018","villa","Odense SV",5250,55.37075,10.350892,"Odense",1994-12-19
"440","0a3f50aa-c235-32b8-e044-0003ba298018","terraced house","Ølstykke",3650,55.78545,12.172077,"Egedal",1992-04-06
"441","0a3f50bf-3f73-32b8-e044-0003ba298018","terraced house","Videbæk",6920,56.091927,8.635616,"Ringkøbing-Skjern",1997-06-30
"442","6c6a6107-2c7b-40b6-92b6-df164bb44d7d","villa","Vodskov",9310,57.12494,10.06692,"Aalborg",2003-04-24
"443","0a3f50b9-545a-32b8-e044-0003ba298018","villa","Esbjerg",6700,55.48549,8.46188,"Esbjerg",2020-12-21
"444","0a3f50bf-62a8-32b8-e044-0003ba298018","holiday house","Knebel",8420,56.109737,10.513972,"Syddjurs",1997-07-03
"445","0a3f50b9-0b2d-32b8-e044-0003ba298018","terraced house","Tjæreborg",6731,55.463604,8.574253,"Esbjerg",2006-01-26
"446","3e7c85ea-d9b1-3e52-e044-0003ba298018","villa","Horsens",8700,55.84513,9.800475,"Horsens",2020-01-15
"447","0a3f50a6-c7fc-32b8-e044-0003ba298018","villa","Vedbæk",2950,55.84471,12.541844,"Rudersdal",1996-04-11
"448","0a3f50b7-2ec9-32b8-e044-0003ba298018","villa","Bevtoft",6541,55.225567,9.157879,"Haderslev",1997-04-21
"449","0a3f50c7-573c-32b8-e044-0003ba298018","holiday house","Jerup",9981,57.52296,10.454082,"Frederikshavn",1992-06-09
"450","0a3f50bd-e9f2-32b8-e044-0003ba298018","villa","Holstebro",7500,56.383526,8.6022835,"Holstebro",1994-06-15
"451","0a3f50b2-5c2c-32b8-e044-0003ba298018","villa","Bogense",5400,55.568775,10.093938,"Nordfyns",2024-07-31
"452","0a3f50b2-8d65-32b8-e044-0003ba298018","villa","Gelsted",5591,55.403984,9.972877,"Middelfart",2004-11-29
"453","0a3f50b9-808b-32b8-e044-0003ba298018","villa","Grindsted",7200,55.757656,8.954622,"Billund",2002-04-04
"454","0a3f50b2-9f5b-32b8-e044-0003ba298018","villa","Faaborg",5600,55.076168,10.337792,"Faaborg-Midtfyn",2003-09-05
"455","0a3f50c7-b6fa-32b8-e044-0003ba298018","villa","Hadsund",9560,56.775524,10.17288,"Mariagerfjord",2020-11-03
"456","0a3f50ab-6343-32b8-e044-0003ba298018","villa","Køge",4600,55.431396,12.148887,"Køge",1993-09-11
"457","0a3f50b5-9653-32b8-e044-0003ba298018","villa","Svendborg",5700,55.035576,10.540962,"Svendborg",2017-11-07
"458","0a3f50a7-a559-32b8-e044-0003ba298018","condo","Værløse",3500,55.786312,12.366119,"Furesø",2012-08-31
"459","02c20945-c460-45a8-895f-94e3c8bfd59d","villa apartment","Karise",4653,55.308838,12.191745,"Faxe",2016-08-31
"460","0a3f50bf-5421-32b8-e044-0003ba298018","villa","Sønder Felding",7280,55.938454,8.781493,"Herning",2018-11-13
"461","0a3f50c8-4c3c-32b8-e044-0003ba298018","villa","Hjørring",9800,57.452522,10.011876,"Hjørring",2009-08-24
"462","0a3f50c9-d625-32b8-e044-0003ba298018","terraced house","Nørresundby",9400,57.06079,9.941107,"Aalborg",2021-04-09
"463","0a3f50c8-e48f-32b8-e044-0003ba298018","villa","Pandrup",9490,57.221233,9.592336,"Jammerbugt",2001-08-06
"464","0a3f50ba-8464-32b8-e044-0003ba298018","villa","Fredericia",7000,55.567394,9.744626,"Fredericia",2003-07-02
"465","0a3f50c0-00f9-32b8-e044-0003ba298018","villa","Hadsten",8370,56.366608,10.174109,"Favrskov",2024-02-12
"466","0a3f50b5-c6d5-32b8-e044-0003ba298018","villa","Humble",5932,54.798237,10.725334,"Langeland",2010-08-16
"467","0a3f50bd-c0f6-32b8-e044-0003ba298018","villa","Herning",7400,56.1499,8.964592,"Herning",2018-02-07
"468","0a3f50bf-66dc-32b8-e044-0003ba298018","holiday house","Ebeltoft",8400,56.231945,10.644808,"Syddjurs",2005-04-20
"469","0a3f50bd-e975-32b8-e044-0003ba298018","terraced house","Holstebro",7500,56.38477,8.596623,"Holstebro",2018-01-11
"470","0a3f50b3-1d0c-32b8-e044-0003ba298018","villa","Middelfart",5500,55.498672,9.716203,"Middelfart",1995-02-28
"471","0a3f50ac-9dcf-32b8-e044-0003ba298018","villa","Dianalund",4293,55.5335,11.483219,"Sorø",2013-12-03
"472","0a3f50c9-2f55-32b8-e044-0003ba298018","villa","Skagen",9990,57.72546,10.595157,"Frederikshavn",2016-10-14
"473","0a3f50bb-d52c-32b8-e044-0003ba298018","villa","Juelsminde",7130,55.806843,10.02373,"Hedensted",2007-09-10
"474","0a3f50ba-4149-32b8-e044-0003ba298018","villa","Skanderborg",8660,56.021633,9.721073,"Skanderborg",2018-04-23
"475","504e757e-569e-4a4d-8f7c-cb2001780ebc","terraced house","Havdrup",4622,55.54217,12.112109,"Solrød",2018-11-07
"476","0a3f50bc-f8f6-32b8-e044-0003ba298018","condo","Vejle",7100,55.724316,9.510725,"Vejle",2001-05-17
"477","0a3f50bf-febc-32b8-e044-0003ba298018","villa","Hadsten",8370,56.364662,10.158243,"Favrskov",2015-06-18
"478","0a3f509f-1a3b-32b8-e044-0003ba298018","condo","Valby",2500,55.656204,12.5191345,"København",1998-06-20
"479","0a3f50bb-484c-32b8-e044-0003ba298018","villa","Horsens",8700,55.86164,9.863713,"Horsens",1993-07-29
"480","0a3f50b0-a4a3-32b8-e044-0003ba298018","villa","Næstved",4700,55.21962,11.784882,"Næstved",2020-10-28
"481","0a3f50b6-2ab9-32b8-e044-0003ba298018","terraced house","Årslev",5792,55.306282,10.469789,"Faaborg-Midtfyn",2004-11-01
"482","0a3f50ad-0368-32b8-e044-0003ba298018","villa","Dalmose",4261,55.298115,11.413233,"Slagelse",1997-06-25
"483","0a3f50b6-fc24-32b8-e044-0003ba298018","villa","Aabenraa",6200,54.936375,9.401459,"Aabenraa",2017-07-27
"484","0a3f50af-8431-32b8-e044-0003ba298018","holiday house","Faxe",4640,55.17847,12.059823,"Faxe",2017-09-01
"485","2b3d6b24-c0f6-29a6-e044-0003ba298018","villa","Mørkøv",4440,55.647213,11.496245,"Holbæk",2009-03-30
"486","0a3f50b0-8ba2-32b8-e044-0003ba298018","villa","Næstved",4700,55.25751,11.603219,"Næstved",2001-05-02
"487","0a3f50b9-b17a-32b8-e044-0003ba298018","villa","Holsted",6670,55.482967,8.912697,"Vejen",2004-03-25
"488","0a3f50ca-114b-32b8-e044-0003ba298018","villa","Aalborg",9000,57.028603,9.958195,"Aalborg",1998-07-16
"489","0a3f50ca-7b69-32b8-e044-0003ba298018","condo","Aalborg",9000,57.043068,9.90139,"Aalborg",2005-02-23
"490","0a3f50b7-6c87-32b8-e044-0003ba298018","villa","Skærbæk",6780,55.23175,8.72616,"Tønder",2004-06-28
"491","0a3f509e-1671-32b8-e044-0003ba298018","condo","København S",2300,55.662727,12.607726,"København",2007-02-09
"492","0a3f509e-a871-32b8-e044-0003ba298018","condo","København S",2300,55.66464,12.616237,"København",1993-04-06
"493","0a3f50be-2929-32b8-e044-0003ba298018","terraced house","Holstebro",7500,56.35555,8.624485,"Holstebro",2016-01-26
"494","0a3f50b0-a353-32b8-e044-0003ba298018","villa","Næstved",4700,55.214485,11.577954,"Næstved",1999-02-26
"495","0a3f50b7-481f-32b8-e044-0003ba298018","villa","Rødding",6630,55.362003,9.055379,"Vejen",2019-05-01
"496","0a3f50af-1809-32b8-e044-0003ba298018","villa","Jyderup",4450,55.609436,11.407759,"Holbæk",2011-02-24
"497","0a3f50af-04ed-32b8-e044-0003ba298018","villa","Regstrup",4420,55.716537,11.573137,"Holbæk",2009-10-04
"498","0a3f50c0-3c5f-32b8-e044-0003ba298018","villa","Langå",8870,56.3441,9.871925,"Favrskov",2016-03-23
"499","0a3f50c1-954d-32b8-e044-0003ba298018","terraced house","Rønde",8410,56.308517,10.440446,"Syddjurs",1996-07-12
"500","0a3f50bf-c76b-32b8-e044-0003ba298018","holiday house","Grenaa",8500,56.39795,10.909177,"Norddjurs",2003-08-04
"501","0a3f50b5-abec-32b8-e044-0003ba298018","villa","Svendborg",5700,55.072968,10.644315,"Svendborg",2010-11-19
"502","e40acb24-8553-4241-96a9-8acd42c153b1","holiday house","Middelfart",5500,55.498367,9.7031355,"Middelfart",2016-05-03
"503","0a3f50b4-0dd2-32b8-e044-0003ba298018","terraced house","Odense NØ",5240,55.422718,10.457095,"Odense",2003-07-20
"504","0a3f50c7-d33c-32b8-e044-0003ba298018","villa","Vodskov",9310,57.07878,10.122983,"Aalborg",1994-05-06
"505","0a3f50b9-cc17-32b8-e044-0003ba298018","condo","Ribe",6760,55.327408,8.758235,"Esbjerg",2024-09-24
"506","0a3f50b3-f07a-32b8-e044-0003ba298018","terraced house","Odense S",5260,55.34757,10.386554,"Odense",2001-04-23
"507","0a3f509d-aaaf-32b8-e044-0003ba298018","condo","Valby",2500,55.65537,12.490387,"København",2007-07-26
"508","0a3f50bc-9415-32b8-e044-0003ba298018","villa","Vamdrup",6580,55.4491,9.368673,"Kolding",2000-03-14
"509","0a3f50c5-f110-32b8-e044-0003ba298018","holiday house","Vestervig",7770,56.822884,8.253309,"Thisted",2009-09-07
"510","0a3f50b3-2887-32b8-e044-0003ba298018","villa","Middelfart",5500,55.540344,9.763892,"Middelfart",1994-06-09
"511","0a3f50b3-e6cd-32b8-e044-0003ba298018","terraced house","Odense M",5230,55.382744,10.41077,"Odense",1996-10-02
"512","0a3f50b3-22f4-32b8-e044-0003ba298018","villa","Middelfart",5500,55.535213,9.791354,"Middelfart",2006-07-04
"513","0a3f50b8-fccd-32b8-e044-0003ba298018","villa","Esbjerg Ø",6705,55.499805,8.534002,"Esbjerg",1994-07-18
"514","0a3f50b6-fec1-32b8-e044-0003ba298018","villa","Aabenraa",6200,54.978436,9.483698,"Aabenraa",1993-11-29
"515","0a3f50c9-1e1f-32b8-e044-0003ba298018","villa","Sindal",9870,57.48631,10.314655,"Hjørring",2011-06-15
"516","0a3f50ac-bb59-32b8-e044-0003ba298018","villa apartment","Fårevejle",4540,55.813046,11.456739,"Odsherred",2005-10-29
"517","0a3f50be-a348-32b8-e044-0003ba298018","villa","Tim",6980,56.20959,8.210204,"Ringkøbing-Skjern",2008-03-17
"518","0a3f50bd-7cc2-32b8-e044-0003ba298018","villa","Herning",7400,56.131737,8.954594,"Herning",2017-11-29
"519","0a3f50b2-8a79-32b8-e044-0003ba298018","villa","Harndrup",5463,55.46995,10.023437,"Middelfart",1995-10-05
"520","0a3f50be-6f5e-32b8-e044-0003ba298018","holiday house","Lemvig",7620,56.528152,8.122705,"Lemvig",2003-11-05
"521","0a3f50aa-7362-32b8-e044-0003ba298018","holiday house","Skibby",4050,55.77557,12.056388,"Frederikssund",1999-05-31
"522","0a3f50ac-c7b3-32b8-e044-0003ba298018","holiday house","Asnæs",4550,55.84862,11.510115,"Odsherred",1992-08-31
"523","0a3f50aa-7904-32b8-e044-0003ba298018","holiday house","Skibby",4050,55.743748,11.860497,"Frederikssund",2019-08-16
"524","0a3f50b5-f0f9-32b8-e044-0003ba298018","villa","Tranekær",5953,54.95168,10.8362,"Langeland",2004-06-06
"525","0a3f50c9-bc86-32b8-e044-0003ba298018","villa","Aalborg SV",9200,57.0195,9.889691,"Aalborg",2013-02-18
"526","0a3f50a5-dd65-32b8-e044-0003ba298018","condo","Taastrup",2630,55.64451,12.286762,"Høje-Taastrup",2007-10-21
"527","0a3f50be-7149-32b8-e044-0003ba298018","holiday house","Vemb",7570,56.370613,8.218252,"Lemvig",2021-03-24
"528","66d50258-631a-4339-a374-04a6564fa7f4","villa apartment","Odense NV",5210,55.40445,10.354646,"Odense",1993-02-25
"529","0a3f50a8-0fe3-32b8-e044-0003ba298018","terraced house","Farum",3520,55.80995,12.348579,"Furesø",2002-12-17
"530","0a3f50ca-2701-32b8-e044-0003ba298018","villa","Vodskov",9310,57.104507,10.090358,"Aalborg",2019-07-12
"531","0a3f50b4-9810-32b8-e044-0003ba298018","villa","Odense NV",5210,55.417324,10.304497,"Odense",1994-03-03
"532","0a3f50ae-4a29-32b8-e044-0003ba298018","villa","Ringsted",4100,55.45203,11.7792225,"Ringsted",2010-11-10
"533","0a3f50a7-db9b-32b8-e044-0003ba298018","villa","Birkerød",3460,55.849026,12.429357,"Rudersdal",2002-04-08
"534","0a3f50af-11f8-32b8-e044-0003ba298018","villa","Mørkøv",4440,55.639027,11.521942,"Holbæk",1992-08-19
"535","0a3f50bc-6c2b-32b8-e044-0003ba298018","villa","Hampen",7362,56.01435,9.364792,"Ikast-Brande",1997-12-16
"536","0a3f50bb-9a4b-32b8-e044-0003ba298018","villa","Horsens",8700,55.8948,9.77147,"Horsens",1993-03-10
"537","0a3f50c1-cc16-32b8-e044-0003ba298018","villa","Silkeborg",8600,56.14987,9.481699,"Silkeborg",2021-06-17
"538","0a3f50be-0df5-32b8-e044-0003ba298018","villa","Holstebro",7500,56.359028,8.660656,"Holstebro",2001-06-14
"539","0a3f50ae-1583-32b8-e044-0003ba298018","terraced house","Nykøbing Sj",4500,55.936317,11.679564,"Odsherred",1996-06-14
"540","0a3f50aa-4395-32b8-e044-0003ba298018","holiday house","Jægerspris",3630,55.929966,11.922466,"Frederikssund",2007-04-12
"541","0a3f50b2-a552-32b8-e044-0003ba298018","holiday house","Faaborg",5600,55.132664,10.240487,"Faaborg-Midtfyn",2002-03-27
"542","0a3f50a9-a71e-32b8-e044-0003ba298018","villa apartment","Hillerød",3400,55.92441,12.30229,"Hillerød",2024-03-31
"543","0a3f50ca-3c80-32b8-e044-0003ba298018","villa","Nørresundby",9400,57.060196,9.918978,"Aalborg",2019-03-28
"544","0a3f50bd-4797-32b8-e044-0003ba298018","holiday house","Hemmet",6893,55.8407,8.2767105,"Ringkøbing-Skjern",2016-02-10
"545","0a3f50ad-c36e-32b8-e044-0003ba298018","holiday house","Kalundborg",4400,55.73127,10.917111,"Kalundborg",1999-09-08
"546","121e0b91-a517-48ba-b9a5-3ccb8922597a","condo","Aarhus C",8000,56.16494,10.23058,"Aarhus",2017-05-16
"547","0a3f50c7-9452-32b8-e044-0003ba298018","villa","Strandby",9970,57.494766,10.484565,"Frederikshavn",2010-03-05
"548","0a3f50b5-359b-32b8-e044-0003ba298018","villa","Ringe",5750,55.245922,10.509378,"Faaborg-Midtfyn",2021-09-13
"549","0a3f50a1-b994-32b8-e044-0003ba298018","condo","København Ø",2100,55.69985,12.590778,"København",1992-06-04
"550","0a3f50ae-17e7-32b8-e044-0003ba298018","holiday house","Nykøbing Sj",4500,55.94002,11.690792,"Odsherred",2014-11-10
"551","9fbb947f-4adf-4d97-ad36-a496eb3da91d","villa","Vipperød",4390,55.66319,11.742551,"Holbæk",2021-01-29
"552","c9d541a5-8a52-4041-8839-d3b36e6816ce","villa","Taastrup",2630,55.635887,12.286594,"Høje-Taastrup",2019-07-03
"553","0a3f50ab-3001-32b8-e044-0003ba298018","villa","Jyllinge",4040,55.76474,12.105322,"Roskilde",2018-06-16
"554","0a3f50c2-dc3a-32b8-e044-0003ba298018","condo","Aarhus C",8000,56.15063,10.199023,"Aarhus",2020-06-25
"555","0a3f50c7-80bd-32b8-e044-0003ba298018","villa","Strandby",9970,57.497036,10.488775,"Frederikshavn",2005-10-26
"556","0a3f50be-703f-32b8-e044-0003ba298018","villa","Lemvig",7620,56.538353,8.2632675,"Lemvig",1999-02-17
"557","0a3f50bd-ed4c-32b8-e044-0003ba298018","villa","Holstebro",7500,56.32216,8.70505,"Holstebro",2020-08-25
"558","0a3f50a3-a844-32b8-e044-0003ba298018","condo","Hellerup",2900,55.741703,12.562971,"Gentofte",2000-05-21
"559","0a3f50c1-6bc8-32b8-e044-0003ba298018","terraced house","Hornslet",8543,56.321815,10.3155,"Syddjurs",1998-08-23
"560","0a3f50bb-d189-32b8-e044-0003ba298018","villa","Stenderup",8781,55.79633,9.819026,"Hedensted",2023-03-17
"561","0a3f509f-b43a-32b8-e044-0003ba298018","condo","København NV",2400,55.70221,12.529672,"København",1992-09-06
"562","0a3f50b3-31e5-32b8-e044-0003ba298018","villa","Middelfart",5500,55.48553,9.741933,"Middelfart",2005-08-19
"563","0a3f509f-cd9e-32b8-e044-0003ba298018","condo","Brønshøj",2700,55.70466,12.493775,"København",2014-06-13
"564","0a3f50b8-a99f-32b8-e044-0003ba298018","villa","Bramming",6740,55.434185,8.716776,"Esbjerg",2020-07-28
"565","0a3f50a5-097c-32b8-e044-0003ba298018","villa","Herlev",2730,55.73581,12.418518,"Herlev",1995-04-09
"566","0a3f50bb-2c2f-32b8-e044-0003ba298018","villa","Horsens",8700,55.851475,9.705322,"Hedensted",2015-05-17
"567","0a3f50b8-8dab-32b8-e044-0003ba298018","holiday house","Vejers Strand",6853,55.619316,8.13918,"Varde",2022-03-08
"568","0a3f50c9-afe7-32b8-e044-0003ba298018","condo","Aalborg",9000,57.051643,9.907534,"Aalborg",2011-10-31
"569","0a3f50ac-4c8c-32b8-e044-0003ba298018","villa","Bjæverskov",4632,55.461884,12.069393,"Køge",2014-05-12
"570","0a3f50b2-1d12-32b8-e044-0003ba298018","terraced house","Rønne",3700,55.10485,14.704466,"Bornholm",2025-02-17
"571","0a3f50ac-0c7a-32b8-e044-0003ba298018","villa","Roskilde",4000,55.658566,12.100167,"Roskilde",2010-05-28
"572","0a3f50af-343e-32b8-e044-0003ba298018","holiday house","Nykøbing Sj",4500,55.940777,11.624253,"Odsherred",2015-07-01
"573","0a3f50bd-0d9f-32b8-e044-0003ba298018","terraced house","Vejle",7100,55.68888,9.550505,"Vejle",2018-02-21
"574","0a3f50b9-b55a-32b8-e044-0003ba298018","villa","Glejbjerg",6752,55.56633,8.868792,"Vejen",2003-08-19
"575","0a3f50a9-5614-32b8-e044-0003ba298018","villa","Espergærde",3060,55.991547,12.540499,"Helsingør",2001-12-03
"576","0a3f50bd-f250-32b8-e044-0003ba298018","villa","Holstebro",7500,56.34958,8.633269,"Holstebro",2021-02-14
"577","0a3f50b9-b664-32b8-e044-0003ba298018","villa","Holsted",6670,55.48735,8.913541,"Vejen",2005-08-31
"578","0a3f50bb-d46a-32b8-e044-0003ba298018","villa","Juelsminde",7130,55.707924,10.009199,"Hedensted",2014-03-20
"579","0a3f50bb-d469-32b8-e044-0003ba298018","villa","Juelsminde",7130,55.708164,10.006662,"Hedensted",1997-01-22
"580","0a3f50a4-fbdb-32b8-e044-0003ba298018","villa","Herlev",2730,55.73286,12.432659,"Herlev",2019-11-04
"581","0a3f50a2-089a-32b8-e044-0003ba298018","condo","Frederiksberg",2000,55.68512,12.53146,"Frederiksberg",2015-03-02
"582","ad66abfa-d3db-4df5-ad00-597bac58198d","terraced house","Tisvildeleje",3220,56.056072,12.087898,"Gribskov",2018-12-03
"583","0a3f50c2-7794-32b8-e044-0003ba298018","villa","Hasselager",8361,56.108086,10.092358,"Aarhus",1994-05-25
"584","0a3f50b9-75bb-32b8-e044-0003ba298018","holiday house","Fanø",6720,55.419285,8.390798,"Fanø",1998-06-09
"585","0a3f50a9-e8e3-32b8-e044-0003ba298018","villa","Hundested",3390,55.94736,11.875468,"Halsnæs",2006-05-16
"586","0a3f50c3-b4ec-32b8-e044-0003ba298018","terraced house","Højbjerg",8270,56.11483,10.19248,"Aarhus",1997-10-31
"587","0a3f50b8-532b-32b8-e044-0003ba298018","villa","Aabenraa",6200,55.082104,9.433414,"Aabenraa",1995-05-04
"588","0a3f50c4-9010-32b8-e044-0003ba298018","villa","Aarhus N",8200,56.176647,10.198001,"Aarhus",2017-02-06
"589","0a3f50b2-48e2-32b8-e044-0003ba298018","terraced house","Assens",5610,55.26953,9.893985,"Assens",2016-09-24
"590","0a3f50c5-feaf-32b8-e044-0003ba298018","villa","Hurup Thy",7760,56.710968,8.405149,"Thisted",2002-05-08
"591","0a3f50a9-9fd9-32b8-e044-0003ba298018","condo","Hillerød",3400,55.931675,12.310097,"Hillerød",2002-04-10
"592","0a3f50ca-c5fe-32b8-e044-0003ba298018","condo","Aalborg",9000,57.04597,9.942998,"Aalborg",2010-08-18
"593","0a3f50b4-d0d5-32b8-e044-0003ba298018","villa","Odense N",5270,55.44146,10.313202,"Odense",2009-06-20
"594","0a3f50b4-aafd-32b8-e044-0003ba298018","condo","Odense C",5000,55.381046,10.37156,"Odense",2008-01-30
"595","0a3f50c3-ad18-32b8-e044-0003ba298018","villa","Lystrup",8520,56.230618,10.2379055,"Aarhus",2008-05-06
"596","0a3f50b6-5049-32b8-e044-0003ba298018","villa","Kruså",6340,54.874638,9.521128,"Aabenraa",2004-05-13
"597","0a3f50aa-5f09-32b8-e044-0003ba298018","condo","Nivå",2990,55.93818,12.501004,"Fredensborg",2010-11-05
"598","0a3f50c7-e3e3-32b8-e044-0003ba298018","villa","Hirtshals",9850,57.55323,9.963318,"Hjørring",2021-12-07
"599","0a3f50b4-1e1e-32b8-e044-0003ba298018","villa apartment","Odense C",5000,55.395897,10.374819,"Odense",1993-10-25
"600","0a3f50a9-8c28-32b8-e044-0003ba298018","villa","Espergærde",3060,55.97904,12.548959,"Helsingør",1992-01-20
"601","0a3f50bd-16b6-32b8-e044-0003ba298018","villa","Haderup",7540,56.388695,8.983549,"Herning",2010-06-17
"602","40a9a3f3-07bf-41a8-9b94-316805a104a5","villa","Næstved",4700,55.259113,11.793458,"Næstved",2018-02-05
"603","0a3f50b8-875d-32b8-e044-0003ba298018","holiday house","Blåvand",6857,55.550922,8.165169,"Varde",1999-04-30
"604","0a3f50bb-da1f-32b8-e044-0003ba298018","villa","Bjert",6091,55.463917,9.55451,"Kolding",2004-06-02
"605","0a3f50b2-7d3c-32b8-e044-0003ba298018","villa","Vester Skerninge",5762,55.074722,10.433146,"Svendborg",1997-05-27
"606","19910d90-184c-41c9-e044-0003ba298018","villa","Holsted",6670,55.493385,8.912044,"Vejen",2011-12-09
"607","0a3f50b0-161f-32b8-e044-0003ba298018","villa","Nakskov",4900,54.831383,11.161114,"Lolland",2003-04-16
"608","0a3f50bc-7010-32b8-e044-0003ba298018","villa","Ejstrupholm",7361,55.93393,9.338892,"Ikast-Brande",2005-09-02
"609","0a3f509d-6aab-32b8-e044-0003ba298018","condo","Vanløse",2720,55.68465,12.49113,"København",2002-06-29
"610","0a3f50a8-7696-32b8-e044-0003ba298018","terraced house","Frederiksværk",3300,55.96558,12.028119,"Halsnæs",2003-03-16
"611","0a3f50b2-b42f-32b8-e044-0003ba298018","villa","Faaborg",5600,55.059338,10.362172,"Faaborg-Midtfyn",1995-04-04
"612","0a3f50be-9dfb-32b8-e044-0003ba298018","villa","Ringkøbing",6950,56.091675,8.267606,"Ringkøbing-Skjern",2007-03-22
"613","0a3f50a5-48e3-32b8-e044-0003ba298018","villa","Hvidovre",2650,55.63675,12.474114,"Hvidovre",2015-10-01
"614","0a3f509d-7deb-32b8-e044-0003ba298018","condo","København Ø",2100,55.70638,12.578507,"København",2016-07-07
"615","0a3f50b5-3bab-32b8-e044-0003ba298018","villa","Ringe",5750,55.156452,10.449051,"Faaborg-Midtfyn",2001-02-04
"616","0a3f50af-950b-32b8-e044-0003ba298018","villa","Maribo",4930,54.743145,11.48265,"Lolland",2004-11-02
"617","0a3f50b1-4dfb-32b8-e044-0003ba298018","condo","Store Heddinge",4660,55.345173,12.404046,"Stevns",2020-08-15
"618","0a3f50be-06ee-32b8-e044-0003ba298018","terraced house","Holstebro",7500,56.37547,8.59878,"Holstebro",1998-02-13
"619","0a3f50ca-32dc-32b8-e044-0003ba298018","condo","Aalborg SØ",9210,57.01375,9.932391,"Aalborg",1996-12-30
"620","0a3f50c7-dbfb-32b8-e044-0003ba298018","villa","Hals",9370,56.993484,10.317288,"Aalborg",2021-04-21
"621","0a3f50c3-c2ac-32b8-e044-0003ba298018","terraced house","Mårslet",8320,56.061993,10.166513,"Aarhus",2000-04-28
"622","0a3f509f-b85d-32b8-e044-0003ba298018","condo","København N",2200,55.692158,12.558155,"København",2007-03-29
"623","0a3f50c8-899c-32b8-e044-0003ba298018","villa","Løgstør",9670,56.952682,9.353102,"Vesthimmerlands",2007-08-09
"624","0a3f50ca-4c62-32b8-e044-0003ba298018","condo","Aalborg",9000,57.04088,9.944036,"Aalborg",2006-03-21
"625","0a3f50bd-8351-32b8-e044-0003ba298018","villa","Herning",7400,56.06196,9.088209,"Herning",1995-10-26
"626","0a3f50b5-0457-32b8-e044-0003ba298018","villa apartment","Odense M",5230,55.38557,10.401903,"Odense",2023-06-22
"627","0a3f509e-0b3d-32b8-e044-0003ba298018","condo","Vanløse",2720,55.68448,12.488208,"København",1993-07-12
"628","4bb45404-fd13-4783-b6e2-55b0bc14ddb1","terraced house","Græsted",3230,56.086143,12.218269,"Gribskov",2016-08-29
"629","3e589cd7-f2b5-43e8-9d04-37e90a7bcdd6","villa apartment","Gentofte",2820,55.755264,12.543685,"Gentofte",1992-04-08
"630","0a3f50b1-755a-32b8-e044-0003ba298018","villa","Herlufmagle",4160,55.31686,11.678928,"Næstved",2024-01-29
"631","0a3f50a9-db5b-32b8-e044-0003ba298018","villa","Fredensborg",3480,55.97563,12.349111,"Hillerød",2021-04-08
"632","4f612e5c-71b7-4701-9cb9-b57a8ee8b997","condo","Rødovre",2610,55.67651,12.43748,"Rødovre",2021-11-12
"633","0a3f50bf-b146-32b8-e044-0003ba298018","villa","Silkeborg",8600,56.238663,9.637779,"Silkeborg",2015-12-11
"634","0a3f50ae-0120-32b8-e044-0003ba298018","holiday house","Nykøbing Sj",4500,55.932594,11.70686,"Odsherred",2019-07-22
"635","0a3f50a3-1a76-32b8-e044-0003ba298018","villa","Ballerup",2750,55.713406,12.353842,"Ballerup",2017-04-09
"636","0a3f50a3-6a8e-32b8-e044-0003ba298018","villa","Brøndby",2605,55.65191,12.389786,"Brøndby",2015-01-16
"637","0a3f50ba-a92c-32b8-e044-0003ba298018","condo","Fredericia",7000,55.567345,9.7416525,"Fredericia",2018-06-04
"638","b4914ebf-f337-453b-82d6-2abb7af27d22","terraced house","Faxe",4640,55.247604,12.106835,"Faxe",2003-12-30
"639","0a3f50c1-c437-32b8-e044-0003ba298018","villa","Silkeborg",8600,56.136543,9.606044,"Silkeborg",1992-12-07
"640","32c88351-ae4f-1479-e044-0003ba298018","condo","Hellerup",2900,55.724854,12.582262,"Gentofte",2007-06-04
"641","0a3f50bd-d170-32b8-e044-0003ba298018","holiday house","Ringkøbing",6950,56.10747,8.119337,"Ringkøbing-Skjern",2017-09-01
"642","0a3f50b7-04c6-32b8-e044-0003ba298018","villa","Løgumkloster",6240,55.060253,9.111362,"Tønder",2022-12-06
"643","0a3f50a5-a192-32b8-e044-0003ba298018","condo","Rødovre",2610,55.665184,12.47353,"Hvidovre",2004-10-09
"644","0a3f50b3-9822-32b8-e044-0003ba298018","villa","Odense SØ",5220,55.334766,10.502731,"Odense",2003-10-01
"645","fa39d8b7-b276-451b-ae3a-944998b4fa03","condo","Aarhus C",8000,56.166008,10.23147,"Aarhus",2023-08-31
"646","0a3f50c6-61b2-32b8-e044-0003ba298018","condo","Viborg",8800,56.46083,9.406501,"Viborg",2014-07-19
"647","16d19f5b-f5dc-16bd-e044-0003ba298018","terraced house","Viborg",8800,56.41019,9.352282,"Viborg",2005-05-24
"648","0a3f50bd-8502-32b8-e044-0003ba298018","villa","Herning",7400,56.128468,8.893737,"Herning",2001-11-20
"649","0a3f50b9-06dc-32b8-e044-0003ba298018","terraced house","Esbjerg V",6710,55.52297,8.424567,"Esbjerg",2000-02-26
"650","6714fd16-8db0-48b8-8fd0-effb1c3f6cf5","villa","Holstebro",7500,56.39775,8.551365,"Holstebro",2018-03-19
"651","0a3f50af-94e2-32b8-e044-0003ba298018","villa","Rødby",4970,54.655174,11.462758,"Lolland",2016-04-26
"652","0a3f50b1-3df5-32b8-e044-0003ba298018","villa","Sakskøbing",4990,54.803158,11.646207,"Guldborgsund",2008-10-08
"653","0a3f50ba-657a-32b8-e044-0003ba298018","holiday house","Børkop",7080,55.68965,9.657702,"Vejle",2000-01-02
"654","67dd55f4-e400-4c6e-9553-a222ba9df3a9","villa","Gistrup",9260,57.01068,9.971317,"Aalborg",2017-07-07
"655","0a3f50a0-4e4a-32b8-e044-0003ba298018","villa apartment","Brønshøj",2700,55.707584,12.502935,"København",1993-04-28
"656","0a3f50b7-daab-32b8-e044-0003ba298018","villa","Tinglev",6360,54.912693,9.200357,"Aabenraa",2001-03-29
"657","363cc2db-63de-1eb8-e044-0003ba298018","condo","København S",2300,55.616833,12.572842,"København",2018-06-12
"658","0a3f50c9-e280-32b8-e044-0003ba298018","villa","Svenstrup J",9230,56.961887,9.815217,"Aalborg",2008-07-22
"659","0a3f50ae-9f3b-32b8-e044-0003ba298018","terraced house","Slagelse",4200,55.392662,11.329358,"Slagelse",2021-05-07
"660","0a3f50c6-f705-32b8-e044-0003ba298018","villa","Brønderslev",9700,57.241104,10.125071,"Brønderslev",2005-07-06
"661","0a3f50c9-1796-32b8-e044-0003ba298018","villa","Sindal",9870,57.487972,10.211234,"Hjørring",2008-09-09
"662","0a3f50ab-3692-32b8-e044-0003ba298018","villa","Roskilde",4000,55.69481,12.161577,"Roskilde",2001-10-04
"663","0a3f50c0-ac45-32b8-e044-0003ba298018","holiday house","Odder",8300,55.973362,10.247001,"Odder",2018-11-02
"664","0a3f50b5-e334-32b8-e044-0003ba298018","villa","Tommerup",5690,55.326862,10.232005,"Assens",1997-06-06
"665","0a3f50a9-0dd3-32b8-e044-0003ba298018","holiday house","Tisvildeleje",3220,56.058815,12.08667,"Gribskov",1992-05-29
"666","16d19f5b-f6b4-16bd-e044-0003ba298018","villa","Kongerslev",9293,56.902885,10.129905,"Aalborg",2001-12-12
"667","0a3f50ae-7c85-32b8-e044-0003ba298018","villa","Slagelse",4200,55.39341,11.325215,"Slagelse",2018-04-18
"668","0a3f50b5-0fae-32b8-e044-0003ba298018","holiday house","Otterup",5450,55.550213,10.490401,"Nordfyns",1994-11-08
"669","0a3f50c2-7694-32b8-e044-0003ba298018","terraced house","Skødstrup",8541,56.281708,10.326309,"Aarhus",2016-08-29
"670","0a3f50be-4ac9-32b8-e044-0003ba298018","villa","Ikast",7430,56.142776,9.1585655,"Ikast-Brande",1997-10-29
"671","0a3f50ac-7123-32b8-e044-0003ba298018","villa","Solrød Strand",2680,55.53624,12.230179,"Solrød",1996-12-20
"672","0a3f50ae-d489-32b8-e044-0003ba298018","villa","Fjenneslev",4173,55.410244,11.696791,"Sorø",2012-10-02
"673","bd9d82a5-ad83-43ab-9cf6-4b7a51bd81be","villa","Gedsted",9631,56.688118,9.332223,"Vesthimmerlands",2007-02-16
"674","0a3f50ad-5da3-32b8-e044-0003ba298018","holiday house","Holbæk",4300,55.78513,11.71148,"Holbæk",2010-07-26
"675","4afafa89-7042-4d59-ab52-699356ef4398","villa","Tjæreborg",6731,55.46714,8.587006,"Esbjerg",2015-08-03
"676","0a3f50a4-7072-32b8-e044-0003ba298018","condo","Søborg",2860,55.736496,12.511497,"Gladsaxe",2003-05-26
"677","0a3f50ca-da41-32b8-e044-0003ba298018","terraced house","Aalborg",9000,57.02626,9.930276,"Aalborg",2004-03-23
"678","0a3f50aa-2c4e-32b8-e044-0003ba298018","terraced house","Hørsholm",2970,55.902905,12.492823,"Hørsholm",2000-03-31
"679","0a3f50be-f704-32b8-e044-0003ba298018","holiday house","Harboøre",7673,56.571304,8.145062,"Lemvig",2003-03-23
"680","0a3f50ab-b3ee-32b8-e044-0003ba298018","villa","Gadstrup",4621,55.567825,12.094339,"Roskilde",2003-08-12
"681","0a3f50b2-6668-32b8-e044-0003ba298018","terraced house","Bogense",5400,55.56044,10.093497,"Nordfyns",1994-03-29
"682","0a3f509f-538a-32b8-e044-0003ba298018","condo","Vanløse",2720,55.681316,12.489333,"København",2001-07-18
"683","0a3f50a5-6eae-32b8-e044-0003ba298018","condo","Hvidovre",2650,55.629498,12.481233,"Hvidovre",1997-01-30
"684","0a3f50af-74fa-32b8-e044-0003ba298018","villa apartment","Faxe Ladeplads",4654,55.218037,12.16757,"Faxe",2009-02-11
"685","0a3f50a0-50b4-32b8-e044-0003ba298018","condo","København Ø",2100,55.71186,12.574094,"København",2011-03-01
"686","0a3f50c5-82b0-32b8-e044-0003ba298018","villa","Roslev",7870,56.691025,8.918023,"Skive",2000-04-13
"687","45f29248-9ed7-2b68-e044-0003ba298018","condo","København S",2300,55.63436,12.578506,"København",2014-07-24
"688","0a3f509f-9aff-32b8-e044-0003ba298018","condo","København Ø",2100,55.70407,12.588878,"København",2003-11-10
"689","0a3f50ab-4852-32b8-e044-0003ba298018","villa","Roskilde",4000,55.69374,12.163889,"Roskilde",2006-10-22
"690","0a3f509d-a48f-32b8-e044-0003ba298018","condo","København S",2300,55.660683,12.621147,"København",2004-10-20
"691","0a3f50a1-d805-32b8-e044-0003ba298018","villa apartment","København Ø",2100,55.71017,12.56026,"København",2023-12-13
"692","0a3f50ba-dbb8-32b8-e044-0003ba298018","terraced house","Fredericia",7000,55.533253,9.617067,"Fredericia",2005-04-29
"693","0a3f50bf-bcc7-32b8-e044-0003ba298018","villa","Fårvang",8882,56.27102,9.726756,"Silkeborg",2006-08-15
"694","0a3f50c5-d497-32b8-e044-0003ba298018","holiday house","Roslev",7870,56.794487,8.975476,"Skive",1995-04-03
"695","0a3f509d-d7e2-32b8-e044-0003ba298018","villa","Brønshøj",2700,55.704865,12.465899,"København",2001-06-11
"696","0a3f50bb-ae56-32b8-e044-0003ba298018","villa","Jelling",7300,55.75156,9.433325,"Vejle",2023-04-18
"697","0a3f50b0-d121-32b8-e044-0003ba298018","villa","Næstved",4700,55.233093,11.734575,"Næstved",2022-02-13
"698","0a3f50a7-f891-32b8-e044-0003ba298018","villa","Birkerød",3460,55.844612,12.4264145,"Rudersdal",2016-03-16
"699","0a3f50b7-1bcf-32b8-e044-0003ba298018","villa","Nordborg",6430,55.03507,9.754972,"Sønderborg",2005-02-16
"700","0a3f50ca-6472-32b8-e044-0003ba298018","villa","Nibe",9240,57.019905,9.701586,"Aalborg",2015-04-24
"701","0a3f50c2-c9b2-32b8-e044-0003ba298018","villa","Risskov",8240,56.203186,10.269872,"Aarhus",2015-06-19
"702","0a3f50b5-42af-32b8-e044-0003ba298018","villa","Rudkøbing",5900,54.938454,10.709737,"Langeland",1993-06-03
"703","0a3f50a6-e536-32b8-e044-0003ba298018","condo","Nærum",2850,55.820156,12.539093,"Rudersdal",2004-01-25
"704","0a3f50ab-f38b-32b8-e044-0003ba298018","condo","Roskilde",4000,55.650093,12.091501,"Roskilde",2003-04-16
"705","60785193-d6de-2e8d-e044-0003ba298018","villa apartment","Ribe",6760,55.328167,8.775059,"Esbjerg",2018-09-20
"706","0a3f50b5-0799-32b8-e044-0003ba298018","condo","Odense C",5000,55.394836,10.408799,"Odense",2000-07-19
"707","0a3f50ab-81a4-32b8-e044-0003ba298018","condo","Køge",4600,55.46722,12.182521,"Køge",2004-10-21
"708","0a3f50c5-ebb7-32b8-e044-0003ba298018","holiday house","Vestervig",7770,56.75547,8.3063755,"Thisted",2024-03-05
"709","0a3f50ab-18c3-32b8-e044-0003ba298018","terraced house","Greve",2670,55.607357,12.317766,"Greve",2020-09-08
"710","0a3f50a9-1e51-32b8-e044-0003ba298018","villa apartment","Helsingør",3000,56.032707,12.609531,"Helsingør",2008-05-27
"711","0a3f50a5-692c-32b8-e044-0003ba298018","condo","Rødovre",2610,55.66554,12.473743,"Hvidovre",2023-04-08
"712","0a3f50a4-44bb-32b8-e044-0003ba298018","condo","Søborg",2860,55.72923,12.514054,"Gladsaxe",1996-10-18
"713","0a3f50b8-8273-32b8-e044-0003ba298018","holiday house","Oksbøl",6840,55.66548,8.319969,"Varde",2005-03-08
"714","0a3f50b1-24fb-32b8-e044-0003ba298018","villa","Rødby",4970,54.66745,11.365344,"Lolland",2000-02-14
"715","0a3f50b6-5fad-32b8-e044-0003ba298018","villa","Bredebro",6261,55.074696,8.66064,"Tønder",2017-09-13
"716","0a3f509e-2299-32b8-e044-0003ba298018","condo","Vanløse",2720,55.69288,12.509525,"København",2019-12-19
"717","d8a6fcbd-3120-458b-9517-1b149434cb96","terraced house","Fjerritslev",9690,57.15041,9.364308,"Jammerbugt",2007-04-05
"718","0a3f509d-5da4-32b8-e044-0003ba298018","villa","Valby",2500,55.65423,12.523072,"København",2015-06-25
"719","0a3f50ad-39a1-32b8-e044-0003ba298018","holiday house","Holbæk",4300,55.78897,11.707755,"Holbæk",2000-02-10
"720","0a3f50b9-c74e-32b8-e044-0003ba298018","villa","Gredstedbro",6771,55.401943,8.742354,"Esbjerg",2024-06-18
"721","0a3f50b7-006d-32b8-e044-0003ba298018","villa","Løgumkloster",6240,55.068348,9.126179,"Tønder",2008-08-06
"722","eaceb468-6f05-4c31-b25b-9658f82f047a","terraced house","Slagelse",4200,55.41544,11.336483,"Slagelse",2022-07-18
"723","0a3f50c8-e4f3-32b8-e044-0003ba298018","holiday house","Blokhus",9492,57.251183,9.634041,"Jammerbugt",2003-03-13
"724","0a3f50bc-7415-32b8-e044-0003ba298018","villa apartment","Ejstrupholm",7361,55.98467,9.287854,"Ikast-Brande",1993-12-15
"725","0a3f50ac-7145-32b8-e044-0003ba298018","villa","Solrød Strand",2680,55.52419,12.178767,"Solrød",2008-12-14
"726","0a3f50b2-a778-32b8-e044-0003ba298018","villa","Faaborg",5600,55.100277,10.23344,"Faaborg-Midtfyn",2013-06-19
"727","0a3f50a9-ae87-32b8-e044-0003ba298018","terraced house","Hillerød",3400,55.93724,12.31396,"Hillerød",1996-05-13
"728","0a3f50b8-9165-32b8-e044-0003ba298018","holiday house","Blåvand",6857,55.554344,8.108415,"Varde",1996-03-06
"729","0a3f50a8-c441-32b8-e044-0003ba298018","villa","Gilleleje",3250,56.112312,12.257814,"Gribskov",2010-09-30
"730","0a3f50c8-16f6-32b8-e044-0003ba298018","villa","Vrå",9760,57.39387,9.997459,"Hjørring",2000-09-28
"731","0a3f50bd-083e-32b8-e044-0003ba298018","villa","Vejle",7100,55.71449,9.503218,"Vejle",2000-03-16
"732","0a3f50b9-c498-32b8-e044-0003ba298018","villa","Ribe",6760,55.248154,8.898988,"Esbjerg",1996-10-22
"733","0a3f50bd-47ab-32b8-e044-0003ba298018","holiday house","Hemmet",6893,55.83936,8.2800865,"Ringkøbing-Skjern",2020-05-08
"734","0a3f50a1-8416-32b8-e044-0003ba298018","terraced house","København S",2300,55.642094,12.59026,"København",2006-09-12
"735","0a3f50a6-047f-32b8-e044-0003ba298018","terraced house","Smørum",2765,55.733418,12.29247,"Egedal",2006-01-16
"736","0a3f50bd-e481-32b8-e044-0003ba298018","holiday house","Hvide Sande",6960,55.865936,8.169055,"Ringkøbing-Skjern",1997-04-08
"737","0a3f50c7-18ad-32b8-e044-0003ba298018","villa","Asaa",9340,57.14622,10.401277,"Brønderslev",1992-12-02
"738","0a3f50ca-472c-32b8-e044-0003ba298018","terraced house","Nørresundby",9400,57.077797,9.939357,"Aalborg",2012-12-13
"739","0a3f50b7-2acc-32b8-e044-0003ba298018","villa","Toftlund",6520,55.190166,9.056433,"Tønder",2006-03-31
"740","0a3f50a6-faf8-32b8-e044-0003ba298018","villa","Vedbæk",2950,55.847942,12.568744,"Rudersdal",1993-12-14
"741","0a3f50a4-2750-32b8-e044-0003ba298018","villa","Charlottenlund",2920,55.75712,12.590324,"Gentofte",2006-12-04
"742","0a3f50ab-5154-32b8-e044-0003ba298018","villa","Kirke Såby",4060,55.632164,11.87579,"Lejre",1993-06-22
"743","0a3f50ab-08f0-32b8-e044-0003ba298018","villa","Greve",2670,55.58471,12.270319,"Greve",1999-09-21
"744","0a3f50b8-e5e4-32b8-e044-0003ba298018","villa","Esbjerg N",6715,55.505165,8.4448595,"Esbjerg",2000-10-09
"745","0a3f50c7-8aa3-32b8-e044-0003ba298018","villa","Strandby",9970,57.490845,10.492005,"Frederikshavn",2024-02-22
"746","0a3f50b7-4006-32b8-e044-0003ba298018","villa","Rødding",6630,55.414356,9.154082,"Vejen",2009-09-03
"747","0a3f50c1-3e87-32b8-e044-0003ba298018","condo","Randers C",8900,56.460236,10.033092,"Randers",2024-04-24
"748","0a3f50c3-b6e6-32b8-e044-0003ba298018","holiday house","Egå",8250,56.243153,10.328075,"Aarhus",2004-02-29
"749","0a3f50af-9194-32b8-e044-0003ba298018","villa","Tappernøje",4733,55.16849,11.978196,"Næstved",1995-11-03
"750","0a3f50b4-f5ee-32b8-e044-0003ba298018","terraced house","Odense C",5000,55.395405,10.378103,"Odense",2010-07-02
"751","a7477653-ec92-4a0d-ab75-aa25f1c69f39","holiday house","Karrebæksminde",4736,55.182068,11.638732,"Næstved",1995-04-13
"752","0a3f50bd-3e83-32b8-e044-0003ba298018","villa","Tarm",6880,55.85153,8.7596035,"Ringkøbing-Skjern",2001-09-02
"753","0a3f50bd-c91c-32b8-e044-0003ba298018","holiday house","Ringkøbing",6950,56.14256,8.143389,"Ringkøbing-Skjern",1994-01-31
"754","19910d90-12dd-41c9-e044-0003ba298018","condo","Holbæk",4300,55.719368,11.717742,"Holbæk",2008-05-21
"755","0a3f50c0-9ecd-32b8-e044-0003ba298018","villa","Odder",8300,55.971554,10.145218,"Odder",1994-05-02
"756","1b974be1-82b2-60d6-e044-0003ba298018","villa","Herning",7400,56.12955,8.889166,"Herning",1995-11-09
"757","0a3f50bc-6165-32b8-e044-0003ba298018","villa apartment","Lunderskov",6640,55.48293,9.304151,"Kolding",2023-05-16
"758","0a3f50b0-b6fa-32b8-e044-0003ba298018","terraced house","Næstved",4700,55.202297,11.765357,"Næstved",2015-01-19
"759","0a3f50c7-77ae-32b8-e044-0003ba298018","holiday house","Strandby",9970,57.506775,10.48095,"Frederikshavn",2004-01-22
"760","0a3f50b5-c965-32b8-e044-0003ba298018","villa","Skamby",5485,55.51769,10.273598,"Nordfyns",1994-12-15
"761","0a3f50c8-b12c-32b8-e044-0003ba298018","holiday house","Løkken",9480,57.35774,9.696106,"Hjørring",1992-05-11
"762","0a3f50b0-5f67-32b8-e044-0003ba298018","villa","Øster Ulslev",4894,54.699436,11.596057,"Guldborgsund",2022-12-06
"763","0a3f50b0-8764-32b8-e044-0003ba298018","terraced house","Næstved",4700,55.221714,11.739405,"Næstved",1993-10-28
"764","0a3f50b8-1e61-32b8-e044-0003ba298018","terraced house","Vojens",6500,55.243305,9.294736,"Haderslev",2017-11-13
"765","0a3f50bf-57a8-32b8-e044-0003ba298018","villa","Kibæk",6933,56.03523,8.904155,"Herning",2014-05-06
"766","0a3f50c5-5740-32b8-e044-0003ba298018","villa","Øster Assels",7990,56.685013,8.681728,"Morsø",2011-07-06
"767","0a3f50be-6f8d-32b8-e044-0003ba298018","villa","Lemvig",7620,56.54948,8.261714,"Lemvig",2023-08-26
"768","0a3f50b2-ba68-32b8-e044-0003ba298018","villa","Faaborg",5600,55.081768,10.28436,"Faaborg-Midtfyn",1997-02-13
"769","0a3f50a3-f6da-32b8-e044-0003ba298018","condo","Hellerup",2900,55.7317,12.564599,"Gentofte",1999-08-15
"770","0a3f50c8-c786-32b8-e044-0003ba298018","villa","Hobro",9500,56.731518,9.796498,"Rebild",1998-02-23
"771","0a3f50a6-67d9-32b8-e044-0003ba298018","villa","Virum",2830,55.797367,12.440694,"Lyngby-Taarbæk",2004-04-28
"772","282eb622-399a-351f-e044-0003ba298018","terraced house","København Ø",2100,55.71471,12.57533,"København",2006-12-26
"773","992712ad-e8b0-4ef4-95ff-a94864694d11","villa","Vipperød",4390,55.67514,11.737306,"Holbæk",2021-10-13
"774","0a3f50a2-d6a5-32b8-e044-0003ba298018","condo","Frederiksberg",2000,55.68351,12.525298,"Frederiksberg",2001-06-19
"775","0a3f50a3-dcde-32b8-e044-0003ba298018","villa apartment","Charlottenlund",2920,55.750114,12.560084,"Gentofte",2003-04-16
"776","0a3f50b3-8976-32b8-e044-0003ba298018","villa","Odense SØ",5220,55.33858,10.476755,"Odense",1993-09-22
"777","1ada6a27-ae25-4108-bfc3-1d327d1ddd94","terraced house","Skanderborg",8660,56.04826,9.932322,"Skanderborg",2011-09-07
"778","0a3f50ba-c4a3-32b8-e044-0003ba298018","villa","Fredericia",7000,55.562923,9.725482,"Fredericia",2017-06-12
"779","0a3f50b9-a6c8-32b8-e044-0003ba298018","villa","Varde",6800,55.63034,8.629282,"Varde",2010-03-20
"780","0a3f50a0-88d4-32b8-e044-0003ba298018","condo","København N",2200,55.689575,12.56435,"København",2000-08-07
"781","0a3f50a0-11d7-32b8-e044-0003ba298018","terraced house","Valby",2500,55.66219,12.499918,"København",2016-03-01
"782","0a3f50b8-8eb5-32b8-e044-0003ba298018","holiday house","Vejers Strand",6853,55.6147,8.138052,"Varde",2021-04-25
"783","2b3d6b24-c4e1-29a6-e044-0003ba298018","villa","Vandel",7184,55.753063,9.183012,"Vejle",1993-02-26
"784","0a3f50c3-fb80-32b8-e044-0003ba298018","condo","Højbjerg",8270,56.119617,10.174691,"Aarhus",2016-05-23
"785","0a3f50c3-fbf0-32b8-e044-0003ba298018","condo","Højbjerg",8270,56.118286,10.176283,"Aarhus",1996-01-16
"786","0a3f50bf-f7b1-32b8-e044-0003ba298018","villa","Hadsten",8370,56.32272,10.031129,"Favrskov",2021-03-30
"787","0a3f50ca-2424-32b8-e044-0003ba298018","condo","Aalborg",9000,57.032944,9.908152,"Aalborg",2014-01-31
"788","0a3f509f-656b-32b8-e044-0003ba298018","condo","København S",2300,55.66217,12.614633,"København",2006-05-04
"789","0a3f509f-1e8a-32b8-e044-0003ba298018","condo","København S",2300,55.653442,12.619597,"København",2013-07-23
"790","0a3f509d-8752-32b8-e044-0003ba298018","condo","København S",2300,55.663998,12.619207,"København",2024-02-15
"791","0a3f50ba-890f-32b8-e044-0003ba298018","villa","Fredericia",7000,55.537735,9.602805,"Fredericia",2021-01-04
"792","0a3f50c4-68d5-32b8-e044-0003ba298018","condo","Lystrup",8520,56.2336,10.237656,"Aarhus",1997-01-23
"793","0a3f50ae-b0fa-32b8-e044-0003ba298018","holiday house","Slagelse",4200,55.4622,11.195073,"Slagelse",2017-04-26
"794","0a3f50bb-f47f-32b8-e044-0003ba298018","villa","Kolding",6000,55.473354,9.451613,"Kolding",1997-08-01
"795","0a3f50b1-6b7f-32b8-e044-0003ba298018","villa","Stubbekøbing",4850,54.890835,12.03594,"Guldborgsund",2020-06-02
"796","0a3f50a6-b10d-32b8-e044-0003ba298018","condo","Rødovre",2610,55.67842,12.451165,"Rødovre",2004-05-16
"797","0a3f50a2-8d59-32b8-e044-0003ba298018","condo","Frederiksberg",2000,55.675766,12.517438,"Frederiksberg",2020-10-30
"798","0a3f50a4-a623-32b8-e044-0003ba298018","villa","Søborg",2860,55.74331,12.473633,"Gladsaxe",1998-05-29
"799","545726c4-9d9b-4fae-8dd8-471fd647671f","condo","Virum",2830,55.781548,12.46318,"Lyngby-Taarbæk",2016-06-07
"800","0a3f509f-8249-32b8-e044-0003ba298018","condo","København S",2300,55.663727,12.611199,"København",2012-09-24
"801","0a3f50c1-4e08-32b8-e044-0003ba298018","condo","Randers C",8900,56.45805,10.036577,"Randers",2000-05-12
"802","c9263803-5fbc-4bbd-ad19-b92c8e858cd4","terraced house","Hillerød",3400,55.945274,12.247862,"Hillerød",2022-04-28
"803","0a3f50b3-62c6-32b8-e044-0003ba298018","villa","Nyborg",5800,55.322956,10.788431,"Nyborg",2009-02-09
"804","0a3f50bb-78c1-32b8-e044-0003ba298018","terraced house","Horsens",8700,55.862206,9.862246,"Horsens",2001-02-12
"805","0a3f50ca-a926-32b8-e044-0003ba298018","condo","Aalborg",9000,57.044567,9.949819,"Aalborg",2014-10-07
"806","0a3f50a3-f0ad-32b8-e044-0003ba298018","condo","Charlottenlund",2920,55.76192,12.57507,"Gentofte",1999-06-20
"807","0a3f50c5-f312-32b8-e044-0003ba298018","villa","Hurup Thy",7760,56.749382,8.417927,"Thisted",1997-07-24
"808","a48986ea-a69f-4405-9b92-b6afa8b72d35","villa","Skals",8832,56.562454,9.396291,"Viborg",2021-03-12
"809","95d5e89b-83b1-4a50-afb2-00a12a2808e8","villa","Ans By",8643,56.30516,9.5767975,"Silkeborg",2024-10-28
"810","0a3f50c6-8549-32b8-e044-0003ba298018","villa","Viborg",8800,56.440105,9.48644,"Viborg",1995-08-24
"811","0a3f50b6-36ef-32b8-e044-0003ba298018","villa","Aarup",5560,55.362625,9.993829,"Assens",1994-09-28
"812","0a3f50c6-c0af-32b8-e044-0003ba298018","villa","Arden",9510,56.7648,9.787811,"Mariagerfjord",2001-01-26
"813","62220d0e-bd6f-4f56-b363-1135bd4dcfba","terraced house","Solbjerg",8355,56.04694,10.095778,"Aarhus",2007-07-11
"814","0a3f50c3-b1a6-32b8-e044-0003ba298018","condo","Aarhus C",8000,56.159046,10.194502,"Aarhus",2020-09-17
"815","0a3f50c1-3e8a-32b8-e044-0003ba298018","condo","Randers C",8900,56.460236,10.033092,"Randers",2009-03-05
"816","0a3f50a0-a601-32b8-e044-0003ba298018","villa","Brønshøj",2700,55.701233,12.482184,"København",2008-06-05
"817","0a3f509d-a4d8-32b8-e044-0003ba298018","condo","København S",2300,55.66071,12.621778,"København",2005-08-26
"818","0a3f50a2-df4c-32b8-e044-0003ba298018","villa apartment","Frederiksberg",2000,55.67886,12.524522,"Frederiksberg",2005-09-06
"819","19910d90-1f41-41c9-e044-0003ba298018","villa","Hobro",9500,56.587368,9.757739,"Mariagerfjord",2005-11-29
"820","0a3f50ac-389e-32b8-e044-0003ba298018","villa","Bjæverskov",4632,55.46511,12.067104,"Køge",1998-07-20
"821","0a3f509d-a49e-32b8-e044-0003ba298018","condo","København S",2300,55.66092,12.621305,"København",1992-07-09
"822","0a3f50a6-3c67-32b8-e044-0003ba298018","condo","Kongens Lyngby",2800,55.76499,12.504398,"Lyngby-Taarbæk",1999-06-17
"823","0a3f50ab-8759-32b8-e044-0003ba298018","villa","Køge",4600,55.437958,12.160146,"Køge",2007-11-12
"824","0a3f50a7-512d-32b8-e044-0003ba298018","condo","Kastrup",2770,55.635525,12.625955,"Tårnby",2015-03-30
"825","0a3f50aa-21c5-32b8-e044-0003ba298018","terraced house","Hørsholm",2970,55.902782,12.50662,"Hørsholm",2018-02-26
"826","0a3f509f-cce6-32b8-e044-0003ba298018","condo","København Ø",2100,55.697414,12.586256,"København",2014-01-13
"827","78bb4ea7-90d5-4914-e044-00144f3ead67","villa","Langeskov",5550,55.35388,10.611939,"Kerteminde",2003-06-16
"828","0a3f50aa-3ed4-32b8-e044-0003ba298018","villa","Jægerspris",3630,55.85447,11.989296,"Frederikssund",2004-12-08
"829","0a3f50b7-e68c-32b8-e044-0003ba298018","villa","Bylderup-Bov",6372,54.933357,9.037239,"Aabenraa",2000-08-26
"830","0a3f50b7-fcfb-32b8-e044-0003ba298018","villa","Tønder",6270,54.939003,8.800876,"Tønder",1998-07-20
"831","0a3f50ca-a528-32b8-e044-0003ba298018","villa apartment","Aalborg",9000,57.052,9.901201,"Aalborg",2021-07-27
"832","0a3f50b6-f9be-32b8-e044-0003ba298018","villa","Aabenraa",6200,54.932755,9.411164,"Aabenraa",1992-05-28
"833","0a3f50b8-5171-32b8-e044-0003ba298018","villa","Aabenraa",6200,54.990143,9.391777,"Aabenraa",2000-01-07
"834","0a3f50b9-a3ac-32b8-e044-0003ba298018","villa","Grindsted",7200,55.668262,8.809394,"Varde",1993-07-29
"835","0a3f50c8-55da-32b8-e044-0003ba298018","villa","Hobro",9500,56.636257,9.796118,"Mariagerfjord",1997-02-26
"836","0a3f50bf-3b28-32b8-e044-0003ba298018","villa","Videbæk",6920,56.092785,8.628345,"Ringkøbing-Skjern",2007-02-20
"837","c92e37bb-482d-404f-95a7-79a28514458d","villa","Brørup",6650,55.47413,9.011382,"Vejen",2020-09-28
"838","0a3f509f-1553-32b8-e044-0003ba298018","condo","Brønshøj",2700,55.706562,12.490084,"København",2003-10-10
"839","0a3f50b1-6209-32b8-e044-0003ba298018","villa","Horbelev",4871,54.824997,12.055645,"Guldborgsund",2013-08-14
"840","0a3f50c0-94f8-32b8-e044-0003ba298018","villa","Odder",8300,55.92617,10.11964,"Odder",2009-01-09
"841","0a3f50b5-f827-32b8-e044-0003ba298018","villa","Langeskov",5550,55.361027,10.605741,"Nyborg",2014-03-28
"842","0a3f50c6-8b8f-32b8-e044-0003ba298018","villa","Viborg",8800,56.4436,9.437087,"Viborg",1993-09-22
"843","0a3f50b2-037c-32b8-e044-0003ba298018","holiday house","Allinge",3770,55.25162,14.823525,"Bornholm",2004-05-02
"844","0a3f50a4-cbb2-32b8-e044-0003ba298018","villa","Glostrup",2600,55.6794,12.417611,"Glostrup",2005-01-31
"845","0a3f50b6-a55d-32b8-e044-0003ba298018","villa","Haderslev",6100,55.24534,9.499924,"Haderslev",2013-06-19
"846","0a3f50a9-14c0-32b8-e044-0003ba298018","holiday house","Frederiksværk",3300,56.015175,12.07051,"Gribskov",2021-03-13
"847","0a3f50ac-527a-32b8-e044-0003ba298018","terraced house","Solrød Strand",2680,55.51704,12.202633,"Solrød",2001-08-02
"848","0a3f50ae-f5c5-32b8-e044-0003ba298018","villa","Munke Bjergby",4190,55.494587,11.498695,"Sorø",2019-02-20
"849","0a3f50a8-1363-32b8-e044-0003ba298018","villa","Farum",3520,55.807808,12.341901,"Furesø",2003-03-26
"850","0a3f50c0-4e9a-32b8-e044-0003ba298018","villa","Havndal",8970,56.651043,10.200681,"Randers",2025-02-28
"851","0a3f509d-b975-32b8-e044-0003ba298018","condo","København N",2200,55.698536,12.547095,"København",2018-03-13
"852","0a3f50ad-022d-32b8-e044-0003ba298018","villa","Dalmose",4261,55.289185,11.464991,"Slagelse",1999-06-22
"853","0a3f50af-6c57-32b8-e044-0003ba298018","villa","Ugerløse",4350,55.58663,11.638263,"Holbæk",1995-03-16
"854","0a3f50be-b31e-32b8-e044-0003ba298018","villa apartment","Skjern",6900,55.94519,8.495444,"Ringkøbing-Skjern",2009-08-16
"855","0a3f50c7-ae18-32b8-e044-0003ba298018","villa","Hadsund",9560,56.7202,10.122007,"Mariagerfjord",2018-06-22
"856","0a3f50b1-6a87-32b8-e044-0003ba298018","villa","Stubbekøbing",4850,54.842014,12.008959,"Guldborgsund",2023-08-29
"857","0a3f50a1-471a-32b8-e044-0003ba298018","condo","Hellerup",2900,55.726738,12.572748,"København",2004-12-04
"858","5c085eed-f952-06b9-e044-0003ba298018","holiday house","Karrebæksminde",4736,55.173748,11.660397,"Næstved",2008-12-16
"859","0a3f50ab-9d20-32b8-e044-0003ba298018","terraced house","Køge",4600,55.44541,12.180705,"Køge",1997-06-24
"860","0a3f50b6-1698-32b8-e044-0003ba298018","villa","Frørup",5871,55.23691,10.773122,"Nyborg",1997-09-07
"861","0a3f50ad-de00-32b8-e044-0003ba298018","holiday house","Korsør",4220,55.384155,11.2132635,"Slagelse",1998-11-09
"862","0a3f50a8-318e-32b8-e044-0003ba298018","villa","Fredensborg",3480,55.974438,12.421436,"Fredensborg",2015-08-31
"863","0a3f50c8-2cc6-32b8-e044-0003ba298018","villa","Hjørring",9800,57.451527,9.892373,"Hjørring",1993-04-09
"864","29e5cd02-1070-680f-e044-0003ba298018","condo","København S",2300,55.661064,12.587457,"København",2007-09-20
"865","068f9bd3-23a2-46b0-9823-0c8cefd1d934","condo","Frederiksberg",2000,55.6817,12.515895,"Frederiksberg",1994-12-05
"866","2786c5be-d084-428f-9ab4-a7d199e0e7fd","terraced house","Gistrup",9260,57.01005,9.978892,"Aalborg",1992-04-28
"867","0a3f50a4-255b-32b8-e044-0003ba298018","villa apartment","Charlottenlund",2920,55.76132,12.558163,"Gentofte",2024-06-07
"868","0a3f50a6-ef71-32b8-e044-0003ba298018","condo","Skodsborg",2942,55.827065,12.573816,"Rudersdal",1995-08-15
"869","0a3f50b8-1fd7-32b8-e044-0003ba298018","villa","Sommersted",6560,55.334347,9.2268095,"Haderslev",1999-03-08
"870","0a3f50af-53a5-32b8-e044-0003ba298018","holiday house","Vig",4560,55.875896,11.538524,"Odsherred",2016-03-11
"871","95a86cec-468a-49f9-af69-76849ee3da09","villa","Horsens",8700,55.8242,9.861338,"Horsens",2020-09-25
"872","0a3f50c7-a6b8-32b8-e044-0003ba298018","villa","Hadsund",9560,56.758793,10.285647,"Mariagerfjord",2021-10-14
"873","0a3f50b2-90da-32b8-e044-0003ba298018","villa","Gelsted",5591,55.40016,9.977408,"Middelfart",1997-03-31
"874","0a3f50a3-ff57-32b8-e044-0003ba298018","terraced house","Charlottenlund",2920,55.7583,12.592795,"Gentofte",1993-10-19
"875","54424d5d-f1f6-470e-93a9-f90c4a9518d7","terraced house","Viborg",8800,56.41487,9.376885,"Viborg",2007-10-11
"876","0a3f50c7-124b-32b8-e044-0003ba298018","villa","Asaa",9340,57.1458,10.397838,"Brønderslev",1996-12-19
"877","0a3f50a0-3a5a-32b8-e044-0003ba298018","condo","København N",2200,55.685787,12.551295,"København",2008-03-03
"878","0a3f50b5-6e50-32b8-e044-0003ba298018","terraced house","Skårup Fyn",5881,55.09473,10.690447,"Svendborg",2014-05-13
"879","0a3f50b0-de18-32b8-e044-0003ba298018","villa","Nørre Alslev",4840,54.90274,11.870132,"Guldborgsund",2022-07-20
"880","0a3f50bc-a4b0-32b8-e044-0003ba298018","villa","Vejle",7100,55.711586,9.45032,"Vejle",2004-06-24
"881","0a3f50be-204c-32b8-e044-0003ba298018","villa","Holstebro",7500,56.41063,8.731805,"Holstebro",1992-03-28
"882","0a3f50b3-3f67-32b8-e044-0003ba298018","villa","Middelfart",5500,55.499382,9.738725,"Middelfart",2020-11-20
"883","11f17ae3-b792-0668-e044-0003ba298018","condo","København NV",2400,55.705475,12.52938,"København",2020-02-19
"884","0a3f50ae-3d0f-32b8-e044-0003ba298018","villa","Ringsted",4100,55.44179,11.817629,"Ringsted",2021-10-07
"885","0a3f50c9-4009-32b8-e044-0003ba298018","villa","Skagen",9990,57.720036,10.580674,"Frederikshavn",2002-08-31
"886","0a3f50c0-58e9-32b8-e044-0003ba298018","villa","Ryomgård",8550,56.357464,10.5211935,"Syddjurs",1999-05-31
"887","0a3f50ac-6e89-32b8-e044-0003ba298018","villa","Solrød Strand",2680,55.541935,12.213098,"Solrød",1992-07-31
"888","0a3f50ad-999c-32b8-e044-0003ba298018","villa","Regstrup",4420,55.655968,11.649542,"Holbæk",2003-06-24
"889","0a3f50ad-eff7-32b8-e044-0003ba298018","holiday house","Korsør",4220,55.376453,11.175411,"Slagelse",1998-02-28
"890","0a3f50b9-c62e-32b8-e044-0003ba298018","villa","Gredstedbro",6771,55.41879,8.777163,"Esbjerg",1996-05-02
"891","0a3f50c9-59b6-32b8-e044-0003ba298018","villa","Terndrup",9575,56.811127,10.057644,"Rebild",1992-02-18
"892","0a3f50aa-483d-32b8-e044-0003ba298018","holiday house","Jægerspris",3630,55.817623,11.938542,"Frederikssund",2021-01-28
"893","0a3f50ca-bb23-32b8-e044-0003ba298018","villa","Aalborg SØ",9210,57.015728,9.9389515,"Aalborg",2005-09-08
"894","0a3f50b2-893b-32b8-e044-0003ba298018","villa apartment","Gelsted",5591,55.398876,9.971981,"Middelfart",2023-06-20
"895","0a3f50aa-b785-32b8-e044-0003ba298018","holiday house","Ølstykke",3650,55.821316,12.144638,"Egedal",2011-04-14
"896","0a3f50c8-bcb7-32b8-e044-0003ba298018","villa","Nibe",9240,56.98669,9.657577,"Aalborg",2000-02-08
"897","0a3f50a4-44f8-32b8-e044-0003ba298018","condo","Søborg",2860,55.7296,12.510277,"Gladsaxe",2004-01-12
"898","0a3f50b2-822c-32b8-e044-0003ba298018","villa","Vester Skerninge",5762,55.06865,10.451881,"Svendborg",1995-11-23
"899","0a3f50a2-9adc-32b8-e044-0003ba298018","condo","Frederiksberg",2000,55.692356,12.531543,"Frederiksberg",2000-10-10
"900","0a3f50c9-8012-32b8-e044-0003ba298018","villa","Østervrå",9750,57.33605,10.310596,"Frederikshavn",2015-07-02
"901","0a3f50c7-3dfe-32b8-e044-0003ba298018","villa","Fjerritslev",9690,57.097595,9.285565,"Jammerbugt",1996-08-09
"902","0a3f50c7-17aa-32b8-e044-0003ba298018","villa","Dronninglund",9330,57.185627,10.307805,"Brønderslev",2022-09-22
"903","0a3f50ca-064a-32b8-e044-0003ba298018","terraced house","Svenstrup J",9230,56.971333,9.836792,"Aalborg",1996-06-25
"904","0a3f50bb-ca7f-32b8-e044-0003ba298018","holiday house","Juelsminde",7130,55.822247,10.046074,"Hedensted",2023-10-24
"905","0a3f50b2-0426-32b8-e044-0003ba298018","villa","Gudhjem",3760,55.2132,14.969218,"Bornholm",2015-07-02
"906","0a3f50a9-94e5-32b8-e044-0003ba298018","villa","Espergærde",3060,55.985043,12.551567,"Helsingør",2001-10-08
"907","0a3f50b1-b743-32b8-e044-0003ba298018","villa","Vordingborg",4760,55.00136,11.959228,"Vordingborg",2004-09-16
"908","0a3f50b4-a220-32b8-e044-0003ba298018","villa","Odense SV",5250,55.367947,10.354144,"Odense",2004-03-25
"909","0a3f50be-8a47-32b8-e044-0003ba298018","villa","Lemvig",7620,56.55277,8.291215,"Lemvig",2017-04-10
"910","0a3f50a8-ff28-32b8-e044-0003ba298018","condo","Helsinge",3200,56.025467,12.204442,"Gribskov",2013-11-17
"911","0a3f50bd-c1ff-32b8-e044-0003ba298018","villa","Herning",7400,56.14364,8.946655,"Herning",2006-05-28
"912","0a3f50bb-c689-32b8-e044-0003ba298018","villa","Juelsminde",7130,55.743946,9.941048,"Hedensted",1997-07-07
"913","b5741db1-8ca4-4745-935b-629deec48839","terraced house","Store Heddinge",4660,55.3127,12.37133,"Stevns",2020-08-05
"914","0a3f50c3-3a61-32b8-e044-0003ba298018","villa","Harlev J",8462,56.16547,9.990314,"Aarhus",2008-11-11
"915","0a3f50ac-9fe5-32b8-e044-0003ba298018","villa","Dianalund",4293,55.533375,11.490303,"Sorø",2003-04-06
"916","0a3f50af-c75e-32b8-e044-0003ba298018","villa apartment","Bandholm",4941,54.835163,11.484453,"Lolland",2004-04-02
"917","0a3f50ca-6cae-32b8-e044-0003ba298018","condo","Vadum",9430,57.122845,9.857819,"Aalborg",1998-11-03
"918","0a3f50b4-17a4-32b8-e044-0003ba298018","villa apartment","Odense C",5000,55.4167,10.402704,"Odense",1993-11-05
"919","0a3f50c9-6d04-32b8-e044-0003ba298018","villa","Suldrup",9541,56.848675,9.702628,"Rebild",2009-03-02
"920","0a3f50b3-7bc7-32b8-e044-0003ba298018","villa","Nørre Aaby",5580,55.46885,9.903578,"Middelfart",1995-02-11
"921","0a3f50c2-e868-32b8-e044-0003ba298018","condo","Aarhus C",8000,56.14372,10.203395,"Aarhus",1998-06-26
"922","0a3f50b7-94ee-32b8-e044-0003ba298018","villa","Sønderborg",6400,54.92983,9.733437,"Sønderborg",1993-09-01
"923","0a3f50a0-14d1-32b8-e044-0003ba298018","condo","København N",2200,55.68621,12.561196,"København",2021-02-22
"924","0a3f50c2-2913-32b8-e044-0003ba298018","villa","Skanderborg",8660,56.03769,9.958254,"Skanderborg",1996-06-17
"925","0a3f50ac-b3f6-32b8-e044-0003ba298018","holiday house","Fårevejle",4540,55.8115,11.408754,"Odsherred",2003-06-30
"926","0a3f50b2-3e75-32b8-e044-0003ba298018","terraced house","Rønne",3700,55.100697,14.706018,"Bornholm",2006-02-14
"927","0a3f50ac-6d31-32b8-e044-0003ba298018","villa","Havdrup",4622,55.544785,12.118422,"Solrød",2018-03-27
"928","0a3f50b9-c846-32b8-e044-0003ba298018","villa","Gredstedbro",6771,55.39653,8.744114,"Esbjerg",2010-05-17
"929","0a3f50c2-be2a-32b8-e044-0003ba298018","terraced house","Lystrup",8520,56.232906,10.21788,"Aarhus",2005-08-29
"930","0a3f50a6-2ff5-32b8-e044-0003ba298018","terraced house","Kongens Lyngby",2800,55.791862,12.507712,"Lyngby-Taarbæk",2007-09-07
"931","0a3f50a7-a3b8-32b8-e044-0003ba298018","villa","Værløse",3500,55.776913,12.367996,"Furesø",1998-03-11
"932","0a3f50b6-037c-32b8-e044-0003ba298018","villa","Vissenbjerg",5492,55.379112,10.1036,"Assens",2016-02-13
"933","0a3f50b8-37f2-32b8-e044-0003ba298018","villa","Aabenraa",6200,55.02991,9.420239,"Aabenraa",2003-01-23
"934","0a3f50c3-6e9a-32b8-e044-0003ba298018","terraced house","Hasselager",8361,56.105537,10.065566,"Aarhus",1995-09-07
"935","0a3f50ad-e8aa-32b8-e044-0003ba298018","villa","Korsør",4220,55.346848,11.116656,"Slagelse",1992-03-01
"936","39ff92cd-eef3-0991-e044-0003ba298018","terraced house","Hammel",8450,56.246605,9.851566,"Favrskov",2005-09-03
"937","0a3f50ad-21ef-32b8-e044-0003ba298018","villa","Haslev",4690,55.32488,11.9685,"Faxe",2004-05-24
"938","0a3f50bc-a21c-32b8-e044-0003ba298018","villa","Vejle",7100,55.683403,9.561616,"Vejle",1996-06-14
"939","0a3f50bc-7af2-32b8-e044-0003ba298018","terraced house","Tørring",7160,55.851433,9.485095,"Hedensted",2003-04-15
"940","0a3f50a3-9d25-32b8-e044-0003ba298018","villa apartment","Gentofte",2820,55.744602,12.543751,"Gentofte",2015-12-02
"941","0a3f50ae-6a45-32b8-e044-0003ba298018","villa","Skælskør",4230,55.248695,11.2973,"Slagelse",2005-12-11
"942","0a3f50b0-e594-32b8-e044-0003ba298018","villa","Nørre Alslev",4840,54.901638,11.804102,"Guldborgsund",1996-05-21
"943","0a3f50c0-3540-32b8-e044-0003ba298018","villa","Hørning",8362,56.08174,10.043933,"Skanderborg",2007-06-20
"944","0a3f50c1-cdc8-32b8-e044-0003ba298018","villa","Silkeborg",8600,56.177063,9.5464735,"Silkeborg",2000-05-24
"945","0a3f50a8-2bdc-32b8-e044-0003ba298018","villa","Humlebæk",3050,55.966526,12.541321,"Fredensborg",2021-01-30
"946","0a3f50a7-b056-32b8-e044-0003ba298018","villa","Værløse",3500,55.765152,12.4010935,"Furesø",2004-08-24
"947","0a3f509f-1d8d-32b8-e044-0003ba298018","villa apartment","København S",2300,55.65969,12.614863,"København",1994-04-27
"948","0a3f50bd-ddfc-32b8-e044-0003ba298018","villa","Hvide Sande",6960,55.962933,8.145145,"Ringkøbing-Skjern",1996-06-03
"949","0a3f50b4-ea19-32b8-e044-0003ba298018","villa","Odense NV",5210,55.40965,10.320245,"Odense",2010-09-29
"950","0a3f50b1-c721-32b8-e044-0003ba298018","villa","Vordingborg",4760,55.06776,11.8478155,"Vordingborg",2005-01-18
"951","0a3f50be-f64f-32b8-e044-0003ba298018","villa","Thyborøn",7680,56.701736,8.210344,"Lemvig",2018-07-25
"952","d80d7b23-c20c-4a1e-ae7d-099e0b475cc7","villa","Brande",7330,55.95416,9.064444,"Ikast-Brande",2016-04-25
"953","0a3f50a7-1d58-32b8-e044-0003ba298018","condo","Ishøj",2635,55.612606,12.362647,"Ishøj",1998-05-26
"954","0a3f50a5-a66e-32b8-e044-0003ba298018","terraced house","Hedehusene",2640,55.6595,12.190297,"Høje-Taastrup",1995-03-01
"955","0a3f50b3-6c2b-32b8-e044-0003ba298018","villa","Nyborg",5800,55.324543,10.80714,"Nyborg",1997-07-08
"956","0a3f50a8-4f55-32b8-e044-0003ba298018","terraced house","Frederikssund",3600,55.824497,12.067425,"Frederikssund",2001-09-05
"957","0a3f50c2-3072-32b8-e044-0003ba298018","terraced house","Skanderborg",8660,56.041718,9.9472885,"Skanderborg",2015-01-21
"958","0a3f50a2-36e6-32b8-e044-0003ba298018","condo","Frederiksberg",2000,55.681824,12.508158,"Frederiksberg",1997-11-03
"959","0a3f50c8-de99-32b8-e044-0003ba298018","holiday house","Løkken",9480,57.329147,9.673634,"Jammerbugt",2010-09-24
"960","0a3f50b0-647b-32b8-e044-0003ba298018","villa","Næstved",4700,55.20375,11.755435,"Næstved",2005-03-20
"961","0a3f50c7-a3f4-32b8-e044-0003ba298018","terraced house","Hadsund",9560,56.7064,10.039151,"Mariagerfjord",2023-01-10
"962","0a3f50b5-d7e4-32b8-e044-0003ba298018","villa","Søndersø",5471,55.485504,10.25721,"Nordfyns",2022-03-05
"963","0a3f50ca-2681-32b8-e044-0003ba298018","villa","Sulsted",9381,57.167873,9.947037,"Aalborg",2021-10-20
"964","0a3f50b9-5f02-32b8-e044-0003ba298018","villa","Esbjerg",6700,55.47361,8.477023,"Esbjerg",1995-10-04
"965","0a3f50c1-a772-32b8-e044-0003ba298018","villa","Samsø",8305,55.845787,10.628541,"Samsø",1993-07-05
"966","0a3f50b8-9854-32b8-e044-0003ba298018","holiday house","Blåvand",6857,55.550266,8.2139845,"Varde",1995-06-30
"967","0a3f50ad-5afc-32b8-e044-0003ba298018","villa","Holbæk",4300,55.7158,11.656906,"Holbæk",1996-08-16
"968","0a3f50bd-b892-32b8-e044-0003ba298018","villa","Sunds",7451,56.2038,9.0094595,"Herning",2003-11-20
"969","0a3f50c1-179a-32b8-e044-0003ba298018","condo","Randers C",8900,56.462273,10.045391,"Randers",1999-10-22
"970","0a3f50c3-1d4a-32b8-e044-0003ba298018","condo","Aarhus N",8200,56.172615,10.217453,"Aarhus",2013-04-11
"971","0a3f50c4-e02e-32b8-e044-0003ba298018","villa","Rødkærsbro",8840,56.346947,9.506114,"Viborg",2019-05-30
"972","1369ec0c-f093-5517-e044-0003ba298018","condo","København S",2300,55.6324,12.578725,"København",2006-06-26
"973","0a3f50af-26b0-32b8-e044-0003ba298018","holiday house","Vig",4560,55.86777,11.528265,"Odsherred",2024-01-19
"974","0a3f50a9-53c7-32b8-e044-0003ba298018","villa","Helsingør",3000,56.02892,12.596332,"Helsingør",1992-09-21
"975","0a3f50b3-0bf4-32b8-e044-0003ba298018","villa","Langeskov",5550,55.365047,10.5916195,"Kerteminde",2000-11-22
"976","0a3f50b0-57d5-32b8-e044-0003ba298018","villa","Kettinge",4892,54.715218,11.7008295,"Guldborgsund",1997-09-29
"977","0a3f50bd-afb3-32b8-e044-0003ba298018","terraced house","Herning",7400,56.142036,9.0668125,"Herning",1995-11-14
"978","0a3f50a9-b067-32b8-e044-0003ba298018","condo","Hillerød",3400,55.942837,12.31335,"Hillerød",2010-05-31
"979","0a3f50a5-f696-32b8-e044-0003ba298018","condo","Hedehusene",2640,55.653564,12.196131,"Høje-Taastrup",2002-02-18
"980","0a3f50b5-3bc1-32b8-e044-0003ba298018","villa","Ringe",5750,55.23213,10.485151,"Faaborg-Midtfyn",2024-04-30
"981","0a3f50a3-8958-32b8-e044-0003ba298018","condo","Dragør",2791,55.584198,12.655623,"Dragør",2012-12-16
"982","0a3f50a3-e976-32b8-e044-0003ba298018","condo","Charlottenlund",2920,55.76311,12.58516,"Gentofte",2016-04-15
"983","1198cc4e-26b1-44a8-9454-96ce5073bc81","villa apartment","Skanderborg",8660,56.04128,9.92306,"Skanderborg",2004-05-28
"984","0a3f50a6-ee34-32b8-e044-0003ba298018","condo","Skodsborg",2942,55.82586,12.572859,"Rudersdal",1997-06-11
"985","0a3f50c8-c8c9-32b8-e044-0003ba298018","villa","Nørager",9610,56.757236,9.75043,"Rebild",2022-06-12
"986","0a3f50b2-601f-32b8-e044-0003ba298018","villa","Bogense",5400,55.509655,10.042126,"Nordfyns",1995-03-03
"987","0a3f50bb-44db-32b8-e044-0003ba298018","villa","Horsens",8700,55.830948,9.826135,"Horsens",2018-03-27
"988","0a3f50b0-a4df-32b8-e044-0003ba298018","condo","Næstved",4700,55.234886,11.762759,"Næstved",2022-11-01
"989","0a3f50c2-8ef1-32b8-e044-0003ba298018","condo","Aarhus V",8210,56.172733,10.135167,"Aarhus",2022-05-11
"990","0a3f50a5-3f5c-32b8-e044-0003ba298018","villa","Hvidovre",2650,55.627205,12.475621,"Hvidovre",2019-05-09
"991","11f17ae3-c52a-0668-e044-0003ba298018","villa","Kjellerup",8620,56.278263,9.445817,"Silkeborg",2023-03-09
"992","0a3f50c2-eb85-32b8-e044-0003ba298018","villa","Malling",8340,56.03774,10.1890745,"Aarhus",1998-06-03
"993","0a3f50c1-74ec-32b8-e044-0003ba298018","villa","Allingåbro",8961,56.498768,10.472683,"Norddjurs",1996-04-12
"994","0a3f50bf-444c-32b8-e044-0003ba298018","villa","Vinderup",7830,56.472675,8.722138,"Holstebro",1997-10-27
"995","0a3f50c0-2c78-32b8-e044-0003ba298018","villa","Hørning",8362,56.097134,9.958872,"Skanderborg",2018-04-17
"996","0a3f50b9-dc39-32b8-e044-0003ba298018","villa","Ribe",6760,55.28263,8.732009,"Esbjerg",2019-01-28
"997","0a3f50bb-f075-32b8-e044-0003ba298018","villa apartment","Kolding",6000,55.489376,9.467418,"Kolding",2001-10-31
"998","0a3f50bd-c42e-32b8-e044-0003ba298018","villa","Herning",7400,56.097427,8.990689,"Herning",2006-10-17
"999","0a3f50c8-cb96-32b8-e044-0003ba298018","villa","Nørager",9610,56.707832,9.610247,"Rebild",2003-08-29
"1000","0a3f50c0-c924-32b8-e044-0003ba298018","villa","Fårup",8990,56.545326,9.924085,"Randers",1995-05-04
